Symbol,Security
A,Agilent Technologies Inc. Common Stock
AA,Alcoa Corporation Common Stock
AADX,Applied Aerospace & Defense Inc. Common Stock
AAL,American Airlines Group Inc. Common Stock
AAME,Atlantic American Corporation Common Stock
AAMI,Acadian Asset Management Inc. Common Stock
AAOI,Applied Optoelectronics Inc. Common Stock
AAON,AAON Inc. Common Stock
AAP,Advance Auto Parts Inc.
AAPG,Ascentage Pharma Group International American Depository Shares
AAPL,Apple Inc. Common Stock
AARD,Aardvark Therapeutics Inc. Common Stock
AAT,American Assets Trust Inc. Common Stock
AAUC,Allied Gold Corporation Common Shares
AB,AllianceBernstein Holding L.P.  Units
ABAT,American Battery Technology Company Common Stock
ABBV,AbbVie Inc. Common Stock
ABCB,Ameris Bancorp Common Stock
ABCL,AbCellera Biologics Inc. Common Shares
ABEO,Abeona Therapeutics Inc. Common Stock
ABG,Asbury Automotive Group Inc Common Stock
ABLV,Able View Global Inc. Class B Ordinary Shares
ABM,ABM Industries Incorporated Common Stock
ABNB,Airbnb Inc. Class A Common Stock
ABOS,Acumen Pharmaceuticals Inc. Common Stock
ABR,Arbor Realty Trust Common Stock
ABSI,Absci Corporation Common Stock
ABT,Abbott Laboratories Common Stock
ABTC,American Bitcoin Corp. Class A Common Stock
ABTS,Abits Group Inc Ordinary Shares
ABUS,Arbutus Biopharma Corporation Common Stock
ABVC,ABVC BioPharma Inc. Common Stock
ABX,Abacus Global Management Inc. Class A Common Stock
ABXL,Abacus Global Management Inc. 9.875% Fixed Rate Senior Notes due 2028
ACA,Arcosa Inc. Common Stock
ACAD,ACADIA Pharmaceuticals Inc. Common Stock
ACB,Aurora Cannabis Inc. Common Shares
ACCL,Acco Group Holdings Limited Class A Ordinary Shares
ACCO,Acco Brands Corporation Common Stock
ACCS,ACCESS Newswire Inc. Common Stock
ACDC,ProFrac Holding Corp. Class A Common Stock
ACEL,Accel Entertainment Inc.
ACET,Adicet Bio Inc. Common Stock
ACFN,Acorn Energy Inc. Common Stock
ACGL,Arch Capital Group Ltd. Common Stock
ACH,Accendra Health Inc. Common Stock
ACHC,Acadia Healthcare Company Inc. Common Stock
ACHR,Archer Aviation Inc. Class A Common Stock
ACHV,Achieve Life Sciences Inc. Common Shares
ACI,Albertsons Companies Inc. Class A Common Stock
ACIC,American Coastal Insurance Corporation Common Stock
ACIU,AC Immune SA Common Stock
ACIW,ACI Worldwide Inc. Common Stock
ACLS,Axcelis Technologies Inc. Common Stock
ACM,AECOM Common Stock
ACMR,ACM Research Inc. Class A Common Stock
ACN,Accenture plc Class A Ordinary Shares (Ireland)
ACNB,ACNB Corporation Common Stock
ACNT,Ascent Industries Co. Common Stock
ACOG,Alpha Cognition Inc. Common Stock
ACON,Aclarion Inc. Common Stock
ACP,abrdn Income Credit Strategies Fund Common Shares
ACR,ACRES Commercial Realty Corp. Common Stock
ACRE,Ares Commercial Real Estate Corporation Common Stock
ACRS,Aclaris Therapeutics Inc. Common Stock
ACRV,Acrivon Therapeutics Inc. Common Stock
ACT,Enact Holdings Inc. Common Stock
ACTG,Acacia Research Corporation (Acacia Tech) Common Stock
ACTU,Actuate Therapeutics Inc. Common stock
ACU,Acme United Corporation. Common Stock
ACV,Virtus Diversified Income & Convertible Fund Common Shares of Beneficial Interest
ACVA,ACV Auctions Inc. Class A Common Stock
ACXP,Acurx Pharmaceuticals Inc. Common Stock
AD,Array Digital Infrastructure Inc. Common Shares
ADAM,Adamas Trust Inc. Common Stock
ADAMG,Adamas Trust Inc. 9.125% Senior Notes Due 2030
ADAMH,Adamas Trust Inc. 9.875% Senior Notes Due 2030
ADAMI,Adamas Trust Inc. 9.125% Senior Notes Due 2029
ADAMK,Adamas Trust Inc. 9.600% Senior Notes Due 2031
ADAMO,Adamas Trust Inc. 9.250% Senior Notes Due 2031
ADBE,Adobe Inc. Common Stock
ADC,Agree Realty Corporation Common Stock
ADCT,ADC Therapeutics SA Common Shares
ADEA,Adeia Inc. Common Stock
ADGM,Adagio Medical Holdings Inc Common Stock
ADI,Analog Devices Inc. Common Stock
ADIG,ADI Global Distribution Inc. Common Stock
ADIL,Adial Pharmaceuticals Inc Common Stock
ADM,Archer-Daniels-Midland Company Common Stock
ADMA,ADMA Biologics Inc Common Stock
ADNT,Adient plc Ordinary Shares
ADP,Automatic Data Processing Inc. Common Stock
ADPT,Adaptive Biotechnologies Corporation Common Stock
ADSE,ADS-TEC ENERGY PLC Ordinary Shares
ADSK,Autodesk Inc. Common Stock
ADT,ADT Inc. Common Stock
ADTN,ADTRAN Holdings Inc. Common Stock
ADUR,Aduro Clean Technologies Inc. Common Stock
ADUS,Addus HomeCare Corporation Common Stock
ADV,Advantage Solutions Inc. Class A Common Stock
ADVB,Advanced Biomed Inc. Common Stock
ADX,Adams Diversified Equity Fund Inc.
AEBI,Aebi Schmidt Holding AG Common Stock
AEC,Anfield Energy Inc. Common Shares
AEE,Ameren Corporation Common Stock
AEF,abrdn Emerging Markets ex-China Fund Inc. Common Stock
AEFC,Aegon Funding Company LLC 5.10% Subordinated Notes due 2049
AEG,Aegon Ltd. New York Registry Shares
AEHL,Antelope Enterprise Holdings Limited Class A Ordinary Shares
AEHR,Aehr Test Systems Common Stock
AEI,Alset Inc. Common Stock (TX)
AEIS,Advanced Energy Industries Inc. Common Stock
AEM,Agnico Eagle Mines Limited Common Stock
AEMD,Aethlon Medical Inc. Common Stock
AENT,Alliance Entertainment Holding Corporation Class A Common Stock
AEO,American Eagle Outfitters Inc. Common Stock
AEON,AEON Biopharma Inc. Class A Common Stock
AEP,American Electric Power Company Inc. Common Stock
AER,AerCap Holdings N.V. Ordinary Shares
AERT,Aeries Technology Inc. Class A Ordinary Share
AES,The AES Corporation Common Stock
AESI,Atlas Energy Solutions Inc. Common Stock
AEVA,Aeva Technologies Inc. Common Stock
AEYE,AudioEye Inc. Common Stock
AFB,AllianceBernstein National Municipal Income Fund Inc
AFCG,Advanced Flower Capital Inc. Common Stock
AFG,American Financial Group Inc. Common Stock
AFGB,American Financial Group Inc. 5.875% Subordinated Debentures due 2059
AFGC,American Financial Group Inc. 5.125% Subordinated Debentures due 2059
AFGD,American Financial Group Inc. 5.625% Subordinated Debentures due 2060
AFGE,American Financial Group Inc. 4.500% Subordinated Debentures due 2060
AFJK,Aimei Health Technology Co. Ltd Ordinary Share
AFL,AFLAC Incorporated Common Stock
AFRI,Forafric Global PLC Ordinary Shares
AFRIW,Forafric Global PLC Warrants
AFRM,Affirm Holdings Inc. Class A Common Stock
AFYA,Afya Limited Class A Common Shares
AG,First Majestic Silver Corp. Ordinary Shares (Canada)
AGBK,AGI Inc Class A Common Shares
AGCC,Agencia Comercial Spirits Ltd Class A Ordinary Shares
AGCO,AGCO Corporation Common Stock
AGD,abrdn Global Dynamic Dividend Fund Common Shares of Beneficial Interest
AGEN,Agenus Inc. Common Stock
AGI,Alamos Gold Inc. Class A Common Shares
AGIG,Abundia Global Impact Group Inc. Common stock
AGIO,Agios Pharmaceuticals Inc. Common Stock
AGL,agilon health inc. Common Stock
AGM,Federal Agricultural Mortgage Corporation Common Stock
AGMH,AGM Group Holdings Inc. Class A Ordinary Shares
AGNC,AGNC Investment Corp. Common Stock
AGNT,AGNT Inc. Common Stock
AGO,Assured Guaranty Ltd. Common Stock
AGPU,Axe Compute Inc. Common Stock
AGRO,Adecoagro S.A. Common Shares
AGRZ,Agroz Inc. Class A Ordinary Shares
AGX,Argan Inc. Common Stock
AGYS,Agilysys Inc. Common Stock (DE)
AHCO,AdaptHealth Corp. Common Stock
AHG,Akso Health Group ADS
AHMA,Ambitions Enterprise Management Co. L.L.C Class A Ordinary Shares
AHR,American Healthcare REIT Inc. Common Stock
AHRT,AH Realty Trust Inc. Common Stock
AHT,Ashford Hospitality Trust Inc Common Stock
AI,C3.ai Inc. Class A Common Stock
AIAI,AIAI Holdings Corporation Class A Common Stock
AIB,AIB Data Centers Inc. Common Stock
AIBZ,Bitzero Holdings Inc. Common Shares
AIDX,20/20 Biolabs Inc. Common Stock
AIFA,All In FutureTech Alliance Inc. Common Stock
AIFC,AI Financial Corporation Common Stock
AIFF,Firefly Neuroscience Inc. Common Stock
AIFU,AIFU Inc. Class A Ordinary Share
AIG,American International Group Inc. New Common Stock
AIHS,Senmiao Technology Limited Common Stock
AII,American Integrity Insurance Group Inc. Common Stock
AIIO,Robo.ai Inc. Class B Ordinary Shares
AIIR,Air Global PLC Ordinary Shares
AIM,AIM ImmunoTech Inc. Common Stock
AIMD,Ainos Inc. Common Stock
AIMDW,Ainos Inc. Warrants
AIN,Albany International Corporation Common Stock
AIO,Virtus Artificial Intelligence & Technology Opportunities Fund Common Shares of Beneficial Interest
AIOS,AIOS Tech Inc. Class A Common Shares
AIOT,PowerFleet Inc. Common Stock
AIP,Arteris Inc. Common Stock
AIR,AAR Corp. Common Stock
AIRE,reAlpha Tech Corp. Common Stock
AIRG,Airgain Inc. Common Stock
AIRI,Air Industries Group Common Stock
AIRJ,AirJoule Technologies Corporation Class A Common Stock
AIRO,AIRO Group Holdings Inc. Common Stock
AIRS,AirSculpt Technologies Inc. Common Stock
AIRT,Air T Inc. Common Stock
AISP,Airship AI Holdings Inc. Class A Common Stock
AISPW,Airship AI Holdings Inc. Warrants
AIT,Applied Industrial Technologies Inc. Common Stock
AIV,Apartment Investment and Management Company Common Stock
AIXC,AIxCrypto Holdings Inc. Common Stock
AIZ,Assurant Inc. Common Stock
AIZN,Assurant Inc. 5.25% Subordinated Notes due 2061
AJG,Arthur J. Gallagher & Co. Common Stock
AKA,a.k.a. Brands Holding Corp. Common Stock
AKAM,Akamai Technologies Inc. Common Stock
AKAN,Akanda Corp. Common Shares
AKBA,Akebia Therapeutics Inc. Common Stock
AKR,Acadia Realty Trust Common Stock
AKTS,Aktis Oncology Inc. Common stock
AKTX,Akari Therapeutics plc ADS
ALAB,Astera Labs Inc. Common Stock
ALB,Albemarle Corporation Common Stock
ALC,Alcon Inc. Ordinary Shares
ALCO,Alico Inc. Common Stock
ALDF,Aldel Financial II Inc. Class A Ordinary Shares
ALDFU,Aldel Financial II Inc. Units
ALDFW,Aldel Financial II Inc. Warrants
ALDX,Aldeyra Therapeutics Inc. Common Stock
ALEC,Alector Inc. Common Stock
ALG,Alamo Group Inc. Common Stock
ALGM,Allegro MicroSystems Inc. Common Stock
ALGN,Align Technology Inc. Common Stock
ALGS,Aligos Therapeutics Inc. Common Stock
ALGT,Allegiant Travel Company Common Stock
ALH,Alliance Laundry Holdings Inc. Common Stock
ALHC,Alignment Healthcare Inc. Common Stock
ALIT,Alight Inc. Class A Common Stock
ALK,Alaska Air Group Inc. Common Stock
ALKS,Alkermes plc Ordinary Shares
ALKT,Alkami Technology Inc. Common Stock
ALL,Allstate Corporation (The) Common Stock
ALLE,Allegion plc Ordinary Shares
ALLO,Allogene Therapeutics Inc. Common Stock
ALLR,Allarity Therapeutics Inc. Common Stock
ALLT,Allot Ltd. Ordinary Shares
ALLY,Ally Financial Inc. Common Stock
ALM,Almonty Industries Inc. Common Shares
ALMR,Alamar Biosciences Inc. Common Stock
ALMS,Alumis Inc. Common Stock
ALMU,Aeluma Inc. Common Stock
ALNT,Allient Inc. Common Stock
ALNY,Alnylam Pharmaceuticals Inc. Common Stock
ALOT,AstroNova Inc. Common Stock
ALOV,Aldabra 4 Liquidity Opportunity Vehicle Inc. Class A Ordinary Shares
ALOVW,Aldabra 4 Liquidity Opportunity Vehicle Inc. Warrants
ALOY,REalloys Inc. Common Stock
ALP,Alpha Compute Corp Common Stock
ALPS,ALPS Group Inc Ordinary Share
ALRM,Alarm.com Holdings Inc. Common Stock
ALRS,Alerus Financial Corporation Common Stock
ALSN,Allison Transmission Holdings Inc. Common Stock
ALT,Altimmune Inc. Common Stock
ALTG,Alta Equipment Group Inc. Class A Common Stock
ALTI,AlTi Global Inc. Class A Common Stock
ALTO,Alto Ingredients Inc. Common Stock
ALV,Autoliv Inc. Common Stock
ALVO,Alvotech Ordinary Shares
ALX,Alexander's Inc. Common Stock
ALXO,ALX Oncology Holdings Inc. Common Stock
ALZN,Alzamend Neuro Inc. Common Stock
AM,Antero Midstream Corporation Common Stock
AMAL,Amalgamated Financial Corp. Common Stock (DE)
AMAT,Applied Materials Inc. Common Stock
AMBA,Ambarella Inc. Ordinary Shares
AMBO,Ambow Education Holding Ltd. American Depository Shares (each representing twenty (20) Class A Ordinary Shares)
AMBP,Ardagh Metal Packaging S.A. Ordinary Shares
AMBQ,Ambiq Micro Inc. Common Stock
AMC,AMC Entertainment Holdings Inc. Class A Common Stock
AMCI,AMC Robotics Corporation Common Stock
AMCR,Amcor plc Ordinary Shares
AMCX,AMC Global Media Inc. Class A Common Stock
AMD,Advanced Micro Devices Inc. Common Stock
AME,AMETEK Inc.
AMG,Affiliated Managers Group Inc. Common Stock
AMGN,Amgen Inc. Common Stock
AMH,American Homes 4 Rent Common Shares of Beneficial Interest
AMIX,Autonomix Medical Inc. Common Stock
AMKR,Amkor Technology Inc. Common Stock
AMLX,Amylyx Pharmaceuticals Inc. Common Stock
AMN,AMN Healthcare Services Inc
AMOD,Alpha Modus Holdings Inc. Class A Common Stock
AMP,Ameriprise Financial Inc. Common Stock
AMPG,Amplitech Group Inc. Common Stock
AMPH,Amphastar Pharmaceuticals Inc. Common Stock
AMPL,Amplitude Inc. Class A Common Stock
AMPX,Amprius Technologies Inc. Common Stock
AMPY,Amplify Energy Corp. Common Stock
AMR,Alpha Metallurgical Resources Inc. Common Stock
AMRC,Ameresco Inc. Class A Common Stock
AMRN,Amarin Corporation plc
AMRX,Amneal Pharmaceuticals Inc. Class A Common Stock
AMRZ,Amrize Ltd Ordinary Shares
AMS,American Shared Hospital Services Common Stock
AMSC,American Superconductor Corporation Common Stock
AMSF,AMERISAFE Inc. Common Stock
AMSS,AMASS Brands Inc. Common Stock
AMST,Amesite Inc. Common Stock
AMT,American Tower Corporation (REIT) Common Stock
AMTB,Amerant Bancorp Inc. Class A Common Stock
AMTM,Amentum Holdings Inc. Common Stock
AMTX,Aemetis Inc. (DE) Common Stock
AMWL,American Well Corporation Class A Common Stock
AMZE,Amaze Holdings Inc. Common Stock
AMZN,Amazon.com Inc. Common Stock
AN,AutoNation Inc. Common Stock
ANAB,AnaptysBio Inc. Common Stock
ANDE,Andersons Inc. (The) Common Stock
ANDG,Andersen Group Inc. Class A Common Stock
ANET,Arista Networks Inc. Common Stock
ANF,Abercrombie & Fitch Company Common Stock
ANGH,Anghami Inc. Ordinary Shares
ANGHW,Anghami Inc. Warrants
ANGI,Angi Inc. Class A Common Stock
ANGO,AngioDynamics Inc. Common Stock
ANGX,Angel Studios Inc. Class A Common Stock
ANIK,Anika Therapeutics Inc. Common Stock
ANIP,ANI Pharmaceuticals Inc.
ANIX,Anixa Biosciences Inc. Common Stock
ANNA,AleAnna Inc. Class A Common Stock
ANNX,Annexon Inc. Common Stock
ANPA,Rich Sparkle Holdings Limited Ordinary Shares
ANRO,Alto Neuroscience Inc. Common Stock
ANTA,Antalpha Platform Holding Company Class A Ordinary Shares
ANTX,AN2 Therapeutics Inc. Common Stock
ANVS,Annovis Bio Inc. Common Stock
ANY,Sphere 3D Corp. Common Shares
AOD,abrdn Total Dynamic Dividend Fund Common Shares of Beneficial Interest
AOMD,Angel Oak Mortgage REIT Inc. 9.750% Senior Notes due 2030
AOMN,Angel Oak Mortgage REIT Inc. 9.500% Senior Notes due 2029
AOMR,Angel Oak Mortgage REIT Inc. Common Stock
AON,Aon plc Class A Ordinary Shares (Ireland)
AORT,Artivion Inc. Common Stock
AOS,A.O. Smith Corporation Common Stock
AOSL,Alpha and Omega Semiconductor Limited Common Shares
AOUT,American Outdoor Brands Inc. Common Stock
AP,Ampco-Pittsburgh Corporation Common Stock
APA,APA Corporation Common Stock
APAM,Artisan Partners Asset Management Inc. Class A Common Stock
APC,ARKO Petroleum Corp. Class A Common Stock
APD,Air Products and Chemicals Inc. Common Stock
APEI,American Public Education Inc. Common Stock
APG,APi Group Corporation Common Stock
APGE,Apogee Therapeutics Inc. Common Stock
APH,Amphenol Corporation Common Stock
APLD,Applied Digital Corporation Common Stock
APLE,Apple Hospitality REIT Inc. Common Shares
APLM,Apollomics Inc. Class A Ordinary Shares
APMD,Apnimed Inc. Common Stock
APO,Apollo Global Management Inc. (New) Common Stock
APOG,Apogee Enterprises Inc. Common Stock
APOS,Apollo Global Management Inc. 7.625% Fixed-Rate Resettable Junior Subordinated Notes due 2053
APP,Applovin Corporation Class A Common Stock
APPF,AppFolio Inc. Class A Common Stock
APPN,Appian Corporation Class A Common Stock
APPS,Digital Turbine Inc. Common Stock
APRE,Aprea Therapeutics Inc. Common stock
APT,Alpha Pro Tech Ltd. Common Stock
APTV,Aptiv PLC Ordinary Shares
APUR,Aperture AC Class A Ordinary Shares
APURR,Aperture AC Rights
APUS,Apimeds Pharmaceuticals US Inc. Common Stock
APVO,Aptevo Therapeutics Inc. Common Stock
APWC,Asia Pacific Wire & Cable Corporation Ltd. Ordinary Shares (Bermuda)
APXT,Apex Treasury Corporation Class A Ordinary Share
APXTU,Apex Treasury Corporation Units
APXTW,Apex Treasury Corporation Warrants
APYX,Apyx Medical Corporation Common Stock
AQB,AquaBounty Technologies Inc. Common Stock
AQMS,Aqua Metals Inc. Common Stock
AQN,Algonquin Power & Utilities Corp. Common Shares
AQNB,Algonquin Power & Utilities Corp. 6.20% Fixed-to-Floating Subordinated Notes Series 2019-A due July 1 2079
AQST,Aquestive Therapeutics Inc. Common Stock
AR,Antero Resources Corporation Common Stock
ARAI,Arrive AI Inc. Common Stock
ARAY,Accuray Incorporated Common Stock
ARBB,ARB IOT Group Limited Ordinary Shares
ARBE,Arbe Robotics Ltd. Ordinary Shares
ARCB,ArcBest Corporation Common Stock
ARCC,Ares Capital Corporation Common Stock
ARCI,Archimedes Tech SPAC Partners III Co. Ordinary Share
ARCIU,Archimedes Tech SPAC Partners III Co. Units
ARCO,Arcos Dorados Holdings Inc. Class A Shares
ARCT,Arcturus Therapeutics Holdings Inc. Common Stock
ARDC,Ares Dynamic Credit Allocation Fund Inc. Common Shares
ARDT,Ardent Health Inc. Common Stock
ARDX,Ardelyx Inc. Common Stock
ARE,Alexandria Real Estate Equities Inc. Common Stock
AREC,American Resources Corporation Class A Common Stock
AREN,The Arena Group Holdings Inc. Common Stock
ARES,Ares Management Corporation Class A Common Stock
ARHS,Arhaus Inc. Class A Common Stock
ARI,Apollo Commercial Real Estate Finance Inc
ARIS,Aris Mining Corporation Common Shares
ARKO,ARKO Corp. Common Stock
ARKR,Ark Restaurants Corp. Common Stock
ARL,American Realty Investors Inc. Common Stock
ARLO,Arlo Technologies Inc. Common Stock
ARLP,Alliance Resource Partners L.P. Common Units representing Limited Partners Interests
ARMK,Aramark Common Stock
ARMP,Armata Pharmaceuticals Inc. Common Stock
AROC,Archrock Inc. Common Stock
AROW,Arrow Financial Corporation Common Stock
ARQ,Arq Inc. Common Stock
ARQQ,Arqit Quantum Inc. Ordinary Shares
ARQQW,Arqit Quantum Inc. Warrants
ARQT,Arcutis Biotherapeutics Inc. Common Stock
ARR,ARMOUR Residential REIT Inc.
ARRY,Array Technologies Inc. Common Stock
ARTL,Artelo Biosciences Inc. Common Stock
ARTNA,Artesian Resources Corporation Class A Common Stock
ARTV,Artiva Biotherapeutics Inc. Common Stock
ARTW,Art's-Way Manufacturing Co. Inc. Common Stock
ARVN,Arvinas Inc. Common Stock
ARW,Arrow Electronics Inc. Common Stock
ARWR,Arrowhead Pharmaceuticals Inc. Common Stock
ARX,Accelerant Holdings Class A Common Shares
ARXS,Arxis Inc. Class A Common Stock
AS,Amer Sports Inc. Ordinary Shares
ASA,ASA  Gold and Precious Metals Limited
ASAN,Asana Inc. Class A Common Stock
ASB,Associated Banc-Corp Common Stock
ASBA,Associated Banc-Corp 6.625% Fixed-Rate Reset Subordinated Notes due 2033
ASBP,Aspire Biopharma Holdings Inc. Common Stock
ASC,Ardmore Shipping Corporation Common Stock
ASG,Liberty All-Star Growth Fund Inc.
ASGI,abrdn Global Infrastructure Income Fund Common Shares of Beneficial Interest
ASH,Ashland Inc. Common Stock
ASIC,Ategrity Specialty Insurance Company Holdings Common Stock
ASIX,AdvanSix Inc. Common Stock
ASLE,AerSale Corporation Common Stock
ASM,Avino Silver & Gold Mines Ltd. Common Shares (Canada)
ASMB,Assembly Biosciences Inc. Common Stock
ASML,ASML Holding N.V. New York Registry Shares
ASND,Ascendis Pharma A/S Ordinary Share
ASO,Academy Sports and Outdoors Inc. Common Stock
ASPI,ASP Isotopes Inc. Common Stock
ASPN,Aspen Aerogels Inc. Common Stock
ASPS,Altisource Portfolio Solutions S.A. Common Stock
ASPSW,Altisource Portfolio Solutions S.A. Net Settle Stakeholder Warrants
ASPSZ,Altisource Portfolio Solutions S.A. Cash Exercise Stakeholder Warrants
ASR,Grupo Aeroportuario del Sureste S.A. de C.V. Common Stock
ASRV,AmeriServ Financial Inc. Common Stock
ASST,Strive Inc. Class A Common Stock
ASTC,Astrotech Corporation (DE) Common Stock
ASTE,Astec Industries Inc. Common Stock
ASTH,Astrana Health Inc. Common Stock
ASTI,Ascent Solar Technologies Inc. Common Stock
ASTL,Algoma Steel Group Inc. Common Shares
ASTS,AST SpaceMobile Inc. Class A Common Stock
ASUR,Asure Software Inc Common Stock
ASYS,Amtech Systems Inc. Common Stock
ATAI,AtaiBeckley Inc. Common Stock
ATCH,AtlasClear Holdings Inc. Common Stock
ATCX,Atlas Critical Minerals Corporation Common Stock
ATEC,Alphatec Holdings Inc. Common Stock
ATEN,A10 Networks Inc. Common Stock
ATER,Aterian Inc. Common Stock
ATEX,Anterix Inc. Common Stock
ATGL,Alpha Technology Group Limited Class A Ordinary Shares
ATHR,Aether Holdings Inc. Common Stock
ATHS,Athene Holding Ltd. 7.250% Fixed-Rate Reset Junior Subordinated Debentures due 2064
ATI,ATI Inc. Common Stock
ATII,Archimedes Tech SPAC Partners II Co. Ordinary Shares
ATKR,Atkore Inc. Common Stock
ATLC,Atlanticus Holdings Corporation Common Stock
ATLCL,Atlanticus Holdings Corporation 6.125% Senior Notes due 2026
ATLCZ,Atlanticus Holdings Corporation 9.25% Senior Notes due 2029
ATLO,Ames National Corporation Common Stock
ATLX,Atlas Lithium Corporation Common Stock
ATMU,Atmus Filtration Technologies Inc. Common Stock
ATNI,ATN International Inc. Common Stock
ATNM,Actinium Pharmaceuticals Inc. (Delaware) Common Stock
ATO,Atmos Energy Corporation Common Stock
ATOM,Atomera Incorporated Common Stock
ATOS,Atossa Therapeutics Inc. Common Stock
ATPC,Agape ATP Corporation Common Stock
ATR,AptarGroup Inc. Common Stock
ATRA,Atara Biotherapeutics Inc. Common Stock
ATRC,AtriCure Inc. Common Stock
ATRO,Astronics Corporation Common Stock
ATS,ATS Corporation Common Shares
ATTO,Attovia Therapeutics Inc. Common Stock
ATXG,Addentax Group Corp. Common Stock
ATYR,aTyr Pharma Inc. Common Stock
AU,AngloGold Ashanti PLC Ordinary Shares
AUB,Atlantic Union Bankshares Corporation Common Stock
AUBN,Auburn National Bancorporation Inc. Common Stock
AUC,ATIF Holdings Limited Ordinary Shares
AUDC,AudioCodes Ltd. Common Stock
AUGO,Aura Minerals Inc. Common Shares
AUID,authID Inc. Common Stock
AUNA,Auna SA Class A Ordinary Shares
AUPH,Aurinia Pharmaceuticals Inc Ordinary Shares
AUR,Aurora Innovation Inc. Class A Common Stock
AURA,Aura Biosciences Inc. Common Stock
AURE,Aurelion Inc. Class A Ordinary Shares
AUST,Austin Gold Corp. Common Shares
AUUD,Auddia Inc. Common Stock
AVA,Avista Corporation Common Stock
AVAH,Aveanna Healthcare Holdings Inc. Common Stock
AVAT,Avalanche Treasury Corporation Class A Common Stock
AVAV,AeroVironment Inc. Common Stock
AVBC,Avidia Bancorp Inc. Common Stock
AVBH,Avidbank Holdings Inc. Common stock
AVBP,ArriVent BioPharma Inc. Common Stock
AVD,American Vanguard Corporation Common Stock ($0.10 Par Value)
AVEX,AEVEX Corp. Class A Common Stock
AVGO,Broadcom Inc. Common Stock
AVIR,Atea Pharmaceuticals Inc. Common Stock
AVK,Advent Convertible and Income Fund
AVLN,Avalyn Pharma Inc. Common Stock
AVNT,Avient Corporation Common Stock
AVNW,Aviat Networks Inc. Common Stock
AVO,Mission Produce Inc. Common Stock
AVPT,AvePoint Inc. Class A Common Stock
AVR,Anteris Technologies Global Corp. Common Stock
AVT,Avnet Inc. Common Stock
AVTR,Avantor Inc. Common Stock
AVTX,Avalo Therapeutics Inc. Common Stock
AVX,Avax One Technology Ltd. Common Shares
AVXL,Anavex Life Sciences Corp. Common Stock
AVY,Avery Dennison Corporation Common Stock
AWF,Alliancebernstein Global High Income Fund
AWI,Armstrong World Industries Inc Common Stock
AWK,American Water Works Company Inc. Common Stock
AWP,abrdn Global Premier Properties Fund Common Shares of Beneficial Interest
AWR,American States Water Company Common Stock
AWRE,Aware Inc. Common Stock
AWX,Avalon Holdings Corporation Common Stock
AX,Axos Financial Inc. Common Stock
AXG,Solowin Holdings Class A Ordinary Share
AXGN,Axogen Inc. Common Stock
AXIL,AXIL Brands Inc. Common Stock
AXON,Axon Enterprise Inc. Common Stock
AXP,American Express Company Common Stock
AXR,AMREP Corporation Common Stock
AXS,Axis Capital Holdings Limited Common Stock
AXSM,Axsome Therapeutics Inc. Common Stock
AXTA,Axalta Coating Systems Ltd. Common Shares
AXTI,AXT Inc Common Stock
AYA,Aya Gold & Silver Inc. Common Shares
AYI,Acuity Inc. Common Stock
AYTU,Aytu BioPharma Inc.  Common Stock
AZ,A2Z Cust2Mate Solutions Corp. Common Shares
AZI,Autozi Internet Technology (Global) Ltd. Class A Ordinary Shares
AZIO,Azio AI Holdings Inc. Common Stock
AZN,AstraZeneca PLC Ordinary Shares
AZO,AutoZone Inc. Common Stock
AZTA,Azenta Inc.
AZTR,Azitra Inc Common Stock
AZZ,AZZ Inc.
B,Barrick Mining Corporation Common Shares
BA,Boeing Company (The) Common Stock
BAC,Bank of America Corporation Common Stock
BAER,Bridger Aerospace Group Holdings Inc. Common Stock
BAFN,BayFirst Financial Corp. Common Stock
BAH,Booz Allen Hamilton Holding Corporation Common Stock
BAK,Braskem SA ADR
BALL,Ball Corporation Common Stock
BALY,Bally's Corporation Common Stock
BAM,Brookfield Asset Management Inc Class A Limited Voting Shares
BANC,Banc of California Inc. Common Stock
BAND,Bandwidth Inc. Class A Common Stock
BANF,BancFirst Corporation Common Stock
BANL,CBL International Limited Class B Ordinary Shares
BANR,Banner Corporation Common Stock
BANX,ArrowMark Financial Corp. Common Stock
BAOS,Baosheng Media Group Holdings Limited Ordinary shares
BAP,Credicorp Ltd. Common Stock
BARK,BARK Inc. Class A Common Stock
BATL,Battalion Oil Corporation Common Stock
BATRA,Atlanta Braves Holdings Inc. Series A Common Stock
BATRK,Atlanta Braves Holdings Inc. Series C Common Stock
BAX,Baxter International Inc. Common Stock
BB,BlackBerry Limited Common Stock
BBAI,BigBear.ai Inc. Common Stock
BBAR,Banco BBVA Argentina S.A. ADS
BBBYW,Neighborhood Intelligence Inc. Warrants
BBCP,Concrete Pumping Holdings Inc. Common Stock
BBDC,Barings BDC Inc. Common Stock
BBGI,Beasley Broadcast Group Inc. Class A Common Stock
BBIO,BridgeBio Pharma Inc. Common Stock
BBLG,Bone Biologics Corp Common Stock
BBLGW,Bone Biologics Corp Warrants
BBN,BlackRock Taxable Municipal Bond Trust Common Shares of Beneficial Interest
BBNX,Beta Bionics Inc. Common Stock
BBOT,BridgeBio Oncology Therapeutics Inc. Common Stock
BBSI,Barrett Business Services Inc. Common Stock
BBT,Beacon Financial Corporation Common stock
BBUC,Brookfield Business Corporation Class A Subordinate Voting Shares
BBVA,Banco Bilbao Vizcaya Argentaria S.A. Common Stock
BBW,Build-A-Bear Workshop Inc. Common Stock
BBWI,Bath & Body Works Inc.
BBY,Best Buy Co. Inc. Common Stock
BC,Brunswick Corporation Common Stock
BCAB,BioAtla Inc. Common Stock
BCAL,California BanCorp Common Stock
BCAT,BlackRock Capital Allocation Term Trust Common Shares of Beneficial Interest
BCAX,Bicara Therapeutics Inc. Common Stock
BCBP,BCB Bancorp Inc. (NJ) Common Stock
BCC,Boise Cascade L.L.C. Common Stock
BCDA,BioCardia Inc. Common Stock
BCE,BCE Inc. Common Stock
BCG,Binah Capital Group Inc. Common Stock
BCH,Banco De Chile ADS
BCHT,Birchtech Corp. Common Stock
BCIC,BCP Investment Corporation Common Stock
BCML,BayCom Corp Common Stock
BCO,Brinks Company (The) Common Stock
BCPC,Balchem Corporation Common Stock
BCRX,BioCryst Pharmaceuticals Inc. Common Stock
BCS,Barclays PLC Common Stock
BCSF,Bain Capital Specialty Finance Inc. Common Stock
BCSS,Bain Capital GSS Investment Corp. Class A Ordinary Shares
BCTX,BriaCell Therapeutics Corp. Common Shares
BCV,Bancroft Fund Ltd.
BCX,BlackRock Resources Common Shares of Beneficial Interest
BDC,Belden Inc Common Stock
BDCI,BTC Development Corp. Class A Ordinary Shares
BDJ,Blackrock Enhanced Equity Dividend Trust
BDL,Flanigan's Enterprises Inc. Common Stock
BDMD,Baird Medical Investment Holdings Ltd Ordinary Share
BDN,Brandywine Realty Trust Common Stock
BDSX,Biodesix Inc. Common Stock
BDTX,Black Diamond Therapeutics Inc. Common Stock
BDX,Becton Dickinson and Company Common Stock
BE,Bloom Energy Corporation Class A Common Stock
BEAM,Beam Therapeutics Inc. Common Stock
BEAT,Heartbeam Inc. Common Stock
BEBE,TGE Value Creative Solutions Corp Class A Ordinary Shares
BEEM,Beam Global Common Stock
BEEP,Mobile Infrastructure Corporation Common Stock
BELFA,Bel Fuse Inc. Class A Common Stock
BELFB,Bel Fuse Inc. Class B Common Stock
BEN,Franklin Templeton Inc. Common Stock
BENF,Beneficient Class A Common Stock
BEP,Brookfield Renewable Partners L.P. Limited Partnership Units
BEPC,Brookfield Renewable Corporation Brookfield Renewable Corporation Class A Subordinate Voting Shares
BEPH,Brookfield BRP Holdings (Canada) Inc. 4.625% Perpetual Subordinated Notes
BEPI,Brookfield BRP Holdings (Canada) Inc. 4.875% Perpetual Subordinated Notes
BEPJ,Brookfield BRP Holdings (Canada) Inc. 7.250% Perpetual Subordinated Notes
BESS,Bimergen Energy Corporation Common Stock
BETA,Beta Technologies Inc. Class A Common Stock
BETR,Better Home & Finance Holding Company Class A Common Stock
BFAM,Bright Horizons Family Solutions Inc. Common Stock
BFC,Bank First Corporation Common Stock
BFH,Bread Financial Holdings Inc. Common Stock
BFLY,Butterfly Network Inc. Class A Common Stock
BFRG,Bullfrog AI Holdings Inc. Common Stock
BFRGW,Bullfrog AI Holdings Inc. Warrants
BFRI,Biofrontera Inc. Common Stock
BFRIW,Biofrontera Inc. Warrants
BFS,Saul Centers Inc. Common Stock
BFST,Business First Bancshares Inc. Common Stock
BG,Bunge Limited Common Shares
BGB,Blackstone Strategic Credit 2027 Term Fund Common Shares of Beneficial Interest
BGC,BGC Group Inc. Class A Common Stock
BGDE,Big Digital Energy Inc. Common Stock
BGH,Barings Global Short Duration High Yield Fund Common Shares of Beneficial Interests
BGI,Birks Group Inc. Common Stock
BGIN,Bgin Blockchain Limited Class A Ordinary Shares
BGL,Blue Gold Limited Class A Ordinary Shares
BGLC,BioNexus Gene Lab Corp Common stock
BGM,BGM Group Ltd. Class A Ordinary Shares
BGMS,Bio Green Med Solution Inc. Common Stock
BGR,BlackRock Energy and Resources Trust
BGS,B&G Foods Inc. Common Stock
BGSF,BGSF Inc. Common Stock
BGSI,Boyd Group Services Inc. Common Shares
BGT,BlackRock Floating Rate Income Trust
BGX,Blackstone Long Short Credit Income Fund Common Shares
BGY,Blackrock Enhanced International Dividend Trust
BH,Biglari Holdings Inc. Class B Common Stock
BHB,Bar Harbor Bankshares Inc. Common Stock
BHC,Bausch Health Companies Inc. Common Stock
BHE,Benchmark Electronics Inc. Common Stock
BHF,Brighthouse Financial Inc. Common Stock
BHFAL,Brighthouse Financial Inc. 6.25% Junior Subordinated Debentures due 2058
BHK,Blackrock Core Bond Trust
BHM,Bluerock Homes Trust Inc. Class A Common Stock
BHR,Braemar Hotels & Resorts Inc. Common Stock
BHRB,Burke & Herbert Financial Services Corp. Common Stock
BHST,BioHarvest Sciences Inc. Common Stock
BHV,BlackRock Virginia Municipal Bond Trust
BHVN,Biohaven Ltd. Common Shares
BIAF,bioAffinity Technologies Inc. Common Stock
BIDU,Baidu Inc. ADS
BIIB,Biogen Inc. Common Stock
BILL,BILL Holdings Inc. Common Stock
BIO,Bio-Rad Laboratories Inc. Class A Common Stock
BIOA,BioAge Labs Inc. Common Stock
BIOT,Instinct Bio Technical Company Holdings Inc. Ordinary Shares
BIOTW,Instinct Bio Technical Company Holdings Inc. Warrants
BIOX,Bioceres Crop Solutions Corp. Ordinary Shares
BIP,Brookfield Infrastructure Partners LP Limited Partnership Units
BIPC,Brookfield Infrastructure Corporation Brookfield Infrastructure Corporation
BIPH,Brookfield Infrastructure Corporation 5.000% Subordinated Notes due 2081
BIPI,BIP Bermuda Holdings I Limited 5.125% Perpetual Subordinated Notes
BIPJ,Brookfield Infrastructure Corporation 7.250% Subordinated Notes due 2084
BIRD,Smartbird Inc. Class A Common Stock
BIRK,Birkenstock Holding plc Ordinary Shares
BIT,BlackRock Multi-Sector Income Trust Common Shares of Beneficial Interest
BIVI,BioVie Inc. Class A Common Stock
BIYA,Baiya International Group Inc Class A Ordinary Shares
BJ,BJ's Wholesale Club Holdings Inc. Common Stock
BJDX,Bluejay Diagnostics Inc. Common Stock
BJRI,BJ's Restaurants Inc. Common Stock
BKD,Brookdale Senior Living Inc. Common Stock
BKE,Buckle Inc. (The) Common Stock
BKH,Black Hills Corporation Common Stock
BKKT,Bakkt Inc. Class A Common Stock
BKNG,Booking Holdings Inc. Common Stock
BKR,Baker Hughes Company Class A Common Stock
BKSY,BlackSky Technology Inc. Class A Common Stock
BKT,BlackRock Income Trust Inc. (The)
BKTI,BK Technologies Corporation Common Stock
BKU,BankUnited Inc. Common Stock
BKV,BKV Corporation Common Stock
BKYI,BIO-key International Inc. Common Stock
BL,BlackLine Inc. Common Stock
BLBD,Blue Bird Corporation Common Stock
BLCO,Bausch + Lomb Corporation Common Shares
BLDP,Ballard Power Systems Inc. Common Shares
BLDR,Builders FirstSource Inc. Common Stock
BLFS,BioLife Solutions Inc. Common Stock
BLIN,Bridgeline Digital Inc. Common Stock
BLIV,BeLive Holdings Ordinary Share
BLK,BlackRock Inc. Common Stock
BLKB,Blackbaud Inc. Common Stock
BLLN,BillionToOne Inc. Class A Common Stock
BLMN,Bloomin' Brands Inc. Common Stock
BLND,Blend Labs Inc. Class A Common Stock
BLNE,Beeline Holdings Inc. Common Stock
BLNK,Blink Charging Co. Common Stock
BLSH,Bullish Ordinary Shares
BLSM,BlossomHill Therapeutics Inc. Common Stock
BLW,Blackrock Limited Duration Income Trust
BLX,Bladex Inc. Class E Common Stock
BLZE,Backblaze Inc. Class A Common Stock
BMA,Banco Macro S.A.  ADR (representing Ten Class B Common Shares)
BMBL,Bumble Inc. Class A Common Stock
BME,Blackrock Health Sciences Trust
BMEA,Biomea Fusion Inc. Common Stock
BMEZ,BlackRock Health Sciences Term Trust Common Shares of Beneficial Interest
BMGL,Basel Medical Group Ltd Ordinary Shares
BMHL,Bluemount Holdings Limited Class B Ordinary Shares
BMI,Badger Meter Inc. Common Stock
BMM,Blue Moon Metals Inc. Common Shares
BMN,BlackRock 2037 Municipal Target Term Trust Common Shares of Beneficial Interest
BMNR,BitMine Immersion Technologies Inc. Common Stock
BMO,Bank Of Montreal Common Stock
BMR,Beamr Imaging Ltd. Ordinary Share
BMRA,Biomerica Inc. Common Stock
BMRC,Bank of Marin Bancorp Common Stock
BMRN,BioMarin Pharmaceutical Inc. Common Stock
BMY,Bristol-Myers Squibb Company Common Stock
BN,Brookfield Corporation Class A Limited Voting Shares
BNAI,Brand Engagement Network Inc. Common Stock
BNC,CEA Industries Inc. Common Stock
BNED,Barnes & Noble Education Inc Common Stock
BNGO,Bionano Genomics Inc. Common Stock
BNH,Brookfield Finance Inc. 4.625% Subordinated Notes due October 16 2080
BNJ,Brookfield Finance Inc. 4.50% Perpetual Subordinated Notes
BNKK,Bonk Inc. Common Stock
BNL,Broadstone Net Lease Inc. Common Stock
BNS,Bank Nova Scotia Halifax Pfd 3 Ordinary Shares
BNT,Brookfield Wealth Solutions Ltd. Class A Exchangeable Limited Voting Shares
BNTC,Benitec Biopharma Inc. Common Stock
BNY,The Bank of New York Mellon Corporation Common Stock
BOBS,Bob's Discount Furniture Inc. Common Stock
BOC,Boston Omaha Corporation Class A Common Stock
BODI,The Beachbody Company Inc. Class A Common Stock
BOE,Blackrock Enhanced Global Dividend Trust Common Shares of Beneficial Interest
BOF,BranchOut Food Inc. Common Stock
BOH,Bank of Hawaii Corporation Common Stock
BOKF,BOK Financial Corporation Common Stock
BOLD,Boundless Bio Inc. Common Stock
BOLT,Bolt Biotherapeutics Inc. Common Stock
BON,Bon Natural Life Limited Class A Ordinary Shares
BOOM,DMC Global Inc. Common Stock
BOOT,Boot Barn Holdings Inc. Common Stock
BORR,Borr Drilling Limited Common Shares
BOSC,B.O.S. Better Online Solutions Common Stock
BOT,RoboStrategy Inc. Common Stock
BOTJ,Bank of the James Financial Group Inc. Common Stock
BOW,Bowhead Specialty Holdings Inc. Common Stock
BOX,Box Inc. Class A Common Stock
BOXL,Boxlight Corporation Class A Common Stock
BP,BP p.l.c. Common Stock
BPOP,Popular Inc. Common Stock
BPRE,Bluerock Private Real Estate Fund Common Shares of Beneficial Interest
BPRN,Princeton Bancorp Inc. Common Stock (PA)
BQ,Boqii Holding Limited Class A Ordinary Shares
BR,Broadridge Financial Solutions Inc. Common Stock
BRAG,Bragg Gaming Group Inc. Common Shares
BRAI,Braiin Limited Common Stock
BRBI,BRBI BR Partners S.A. ADSs
BRBR,BellRing Brands Inc. Common Stock
BRBS,Blue Ridge Bankshares Inc. Common Stock
BRC,Brady Corporation Common Stock
BRCB,Black Rock Coffee Bar Inc. Class A Common Stock
BRCC,BRC Inc. Class A Common Stock
BRFH,Barfresh Food Group Inc. Common Stock
BRIA,BrilliA Inc Class A Ordinary Shares
BRID,Bridgford Foods Corporation Common Stock
BRKR,Bruker Corporation Common Stock
BRLS,Borealis Foods Inc. Class A Common Shares
BRLT,Brilliant Earth Group Inc. Class A Common Stock
BRN,Barnwell Industries Inc. Common Stock
BRNX,BrenX Ltd. Ordinary Shares
BRO,Brown & Brown Inc. Common Stock
BROS,Dutch Bros Inc. Class A Common Stock
BRR,ProCap Financial Inc. Common Stock
BRSL,Brightstar Lottery PLC Trading under the Legal Name to begin at the market open on July 21 2025. Ordinary Shares
BRSP,BrightSpire Capital Inc. Class A Common Stock
BRT,BRT Apartments Corp. (MD) Common Stock
BRTMU,B&R Technology Merger Corp. Units
BRTX,BioRestorative Therapies Inc. Common Stock (NV)
BRUN,Boost Run Inc. Class A Common Stock
BRVE,Braveheart Bio Inc. Common Stock
BRW,Saba Capital Income & Opportunities Fund SBI
BRX,Brixmor Property Group Inc. Common Stock
BRZE,Braze Inc. Class A Common Stock
BSAC,Banco Santander - Chile ADS
BSBK,Bogota Financial Corp. Common Stock
BSEM,BioStem Technologies Inc. Common Stock
BSET,Bassett Furniture Industries Incorporated Common Stock
BSIN,Big Sky Industrial Inc. Common Stock
BSL,Blackstone Senior Floating Rate 2027 Term Fund Common Shares of Beneficial Interest
BSM,Black Stone Minerals L.P. Common units representing limited partner interests
BSP,Bending Spoons S.p.A. Ordinary Shares
BSRR,Sierra Bancorp Common Stock
BST,BlackRock Science and Technology Trust Common Shares of Beneficial Interest
BSTZ,BlackRock Science and Technology Term Trust Common Shares of Beneficial Interest
BSVN,Bank7 Corp. Common stock
BSX,Boston Scientific Corporation Common Stock
BSY,Bentley Systems Incorporated Class B Common Stock
BTAI,BioXcel Therapeutics Inc. Common Stock
BTBD,BT Brands Inc. Common Stock
BTBT,Bit Digital Inc. Ordinary Shares
BTCS,BTCS Inc. Common Stock
BTCT,BTC Digital Ltd. Ordinary Shares
BTDR,Bitdeer Technologies Group Class A Ordinary Shares
BTE,Baytex Energy Corp Common Shares
BTG,B2Gold Corp Common shares (Canada)
BTGO,BitGo Holdings Inc. Class A Common Stock
BTI,British American Tobacco  Industries p.l.c. Common Stock ADR
BTMD,Biote Corp. Class A Common Stock
BTO,John Hancock Financial Opportunities Fund Common Stock
BTOC,Armlogi Holding Corp. Common Stock
BTOG,Bit Origin Limited Class A Ordinary Shares
BTQ,BTQ Technologies Corp. Common Stock
BTSG,BrightSpring Health Services Inc. Common Stock
BTT,BlackRock Municipal 2030 Target Term Trust
BTTC,Black Titan Corporation Ordinary Shares
BTU,Peabody Energy Corporation Common Stock
BTX,BlackRock Technology and Private Equity Term Trust Common Shares of Beneficial Interest
BTZ,BlackRock Credit Allocation Income Trust
BUD,Anheuser-Busch Inbev SA Sponsored ADR (Belgium)
BUDA,Buda Juice Inc. Common Stock
BUI,BlackRock Utility Infrastructure & Power Opportunities Trust
BULL,Webull Corporation Class A Ordinary Shares
BULLW,Webull Corporation Warrants
BUR,Burford Capital Limited Ordinary Shares
BURL,Burlington Stores Inc. Common Stock
BUSE,First Busey Corporation Class A Common Stock
BUUU,BUUU Group Limited Class A Ordinary Share
BV,BrightView Holdings Inc. Common Stock
BVC,BitVentures Limited Ordinary Shares
BVFL,BV Financial Inc. Common Stock
BVN,Buenaventura Mining Company Inc.
BVS,Bioventus Inc. Class A Common Stock
BW,Babcock & Wilcox Enterprises Inc. Common Stock
BWA,BorgWarner Inc. Common Stock
BWB,Bridgewater Bancshares Inc. Common Stock
BWEN,Broadwind Inc. Common Stock
BWFG,Bankwell Financial Group Inc. Common Stock
BWG,BrandywineGLOBAL Global Income Opportunities Fund Inc.
BWIN,The Baldwin Insurance Group Inc. Class A Common Stock
BWLP,BW LPG Limited Common Shares
BWMN,Bowman Consulting Group Ltd. Common Stock
BWMX,Betterware de Mexico S.A.P.I. de C.V. Ordinary Shares
BWXT,BWX Technologies Inc. Common Stock
BX,Blackstone Inc. Common Stock
BXBL,BOXABL Inc. Common stock
BXC,Bluelinx Holdings Inc. Common Stock
BXDC,Blackstone Digital Infrastructure Trust Inc. Common Stock
BXMT,Blackstone Mortgage Trust Inc. Common Stock
BXP,BXP Inc. Common Stock
BXSL,Blackstone Secured Lending Fund Common Shares of Beneficial Interest
BY,Byline Bancorp Inc. Common Stock
BYAH,Park Ha Biological Technology Co. Ltd. Class A Ordinary Shares
BYD,Boyd Gaming Corporation Common Stock
BYFC,Broadway Financial Corporation Class A Common Stock
BYND,Beyond Meat Inc. Common Stock
BYRN,Byrna Technologies Inc. Common Stock
BYSI,BeyondSpring Inc. Ordinary Shares
BZ,KANZHUN LIMITED American Depository Shares
BZAI,Blaize Holdings Inc. Common Stock
BZAIW,Blaize Holdings Inc. Warrants
BZFD,BuzzFeed Inc. Class A Common Stock
BZH,Beazer Homes USA Inc. Common Stock
C,Citigroup Inc. Common Stock
CAAP,Corporacion America Airports SA Common Shares
CAAS,China Automotive Systems Inc. Ordinary Share
CABA,Cabaletta Bio Inc. Common Stock
CABO,Cable One Inc. Common Stock
CABR,Caring Brands Inc. Common Stock
CAC,Camden National Corporation Common Stock
CACC,Credit Acceptance Corporation Common Stock
CACI,CACI International Inc. Class A Common Stock
CADL,Candel Therapeutics Inc. Common Stock
CAE,CAE Inc. Common Shares
CAES,Cantor Equity Partners VII Inc. Class A Ordinary Shares
CAF,Morgan Stanley China A Share Fund Inc. Common Stock
CAG,ConAgra Brands Inc. Common Stock
CAH,Cardinal Health Inc. Common Stock
CAI,Caris Life Sciences Inc. Common Stock
CAKE,Cheesecake Factory Incorporated (The) Common Stock
CAL,Caleres Inc. Common Stock
CALC,CalciMedica Inc. Common Stock
CALM,Cal-Maine Foods Inc. Common Stock
CALX,Calix Inc Common Stock
CALY,Callaway Golf Company Common Stock
CAMP,CAMP4 Therapeutics Corporation Common Stock
CAMT,Camtek Ltd. Ordinary Shares
CANG,Cango Inc. Class A Ordinary Shares
CAPL,CrossAmerica Partners LP Common Units representing limited partner interests
CAPR,Capricor Therapeutics Inc. Common Stock
CAPS,Capstone Holding Corp. Common Stock
CAR,Avis Budget Group Inc. Common Stock
CARE,Carter Bankshares Inc. Common Stock
CARG,CarGurus Inc. Class A Common Stock
CARL,Carlsmed Inc. Common Stock
CARR,Carrier Global Corporation Common Stock
CARS,Cars.com Inc. Common Stock
CART,Maplebear Inc. Common Stock
CASH,Pathward Financial Inc. Common Stock
CASS,Cass Information Systems Inc Common Stock
CAST,FreeCast Inc. Class A Common Stock
CASY,Casey's General Stores Inc. Common Stock
CAT,Caterpillar Inc. Common Stock
CATO,Cato Corporation (The) Class A Common Stock
CATX,Perspective Therapeutics Inc. Common Stock
CATY,Cathay General Bancorp Common Stock
CAVA,CAVA Group Inc. Common Stock
CB,Chubb Limited  Common Stock
CBAN,Colony Bankcorp Inc. Common Stock
CBAT,CBAK Energy Technology Limited Ordinary Shares
CBC,Central Bancompany Inc. Class A Common Stock
CBFV,CB Financial Services Inc. Common Stock
CBIO,Crescent Biopharma Inc. Common Stock
CBK,Commercial Bancgroup Inc. Common Stock
CBL,CBL & Associates Properties Inc. Common Stock
CBLL,CeriBell Inc. Common Stock
CBNA,Chain Bridge Bancorp Inc. Class A Common Stock
CBNK,Capital Bancorp Inc. Common Stock
CBRE,CBRE Group Inc Common Stock Class A
CBRL,Cracker Barrel Old Country Store Inc Common Stock
CBRS,Cerebras Systems Inc. Class A Common Stock
CBSH,Commerce Bancshares Inc. Common Stock
CBT,Cabot Corporation Common Stock
CBU,Community Financial System Inc. Common Stock
CBUS,Cibus Inc. Class A Common Stock
CBZ,CBIZ Inc. Common Stock
CC,Chemours Company (The) Common Stock
CCAP,Crescent Capital BDC Inc. Common stock
CCB,Coastal Financial Corporation Common Stock
CCBG,Capital City Bank Group Common Stock
CCC,CCC Intelligent Solutions Holdings Inc. Common Stock
CCCC,C4 Therapeutics Inc. Common Stock
CCCT,Columbus Circle Capital Corp III Class A Ordinary Shares
CCCTU,Columbus Circle Capital Corp III Units
CCCTW,Columbus Circle Capital Corp III Warrants
CCD,Calamos Dynamic Convertible & Income Fund Common Stock
CCEC,Capital Clean Energy Carriers Corp. Common Share
CCEL,Cryo-Cell International Inc. Common Stock
CCEP,Coca-Cola Europacific Partners plc Ordinary Shares
CCG,Cheche Group Inc. Class A Ordinary Shares
CCHH,CCH Holdings Ltd Class A Ordinary Shares
CCI,Crown Castle Inc. Common Stock
CCIF,Carlyle Credit Income Fund Shares of Beneficial Interest
CCJ,Cameco Corporation Common Stock
CCK,Crown Holdings Inc.
CCL,Carnival Corporation Ltd. Common Shares
CCLD,CareCloud Inc. Common Stock
CCNE,CNB Financial Corporation Common Stock
CCO,Clear Channel Outdoor Holdings Inc. Common Stock
CCOI,Cogent Communications Holdings Inc.
CCS,Century Communities Inc. Common Stock
CCSI,Consensus Cloud Solutions Inc. Common Stock
CCTG,CCSC Technology International Holdings Limited Class A Ordinary Shares
CCU,Compania Cervecerias Unidas S.A. Common Stock
CCXI,Churchill Capital Corp XI Class A Ordinary Shares
CCXIU,Churchill Capital Corp XI Units
CCXIW,Churchill Capital Corp XI Warrants
CCZ,Comcast Holdings ZONES
CD,Chaince Digital Holdings Inc. Ordinary Shares
CDE,Coeur Mining Inc. Common Stock
CDIO,Cardio Diagnostics Holdings Inc. Common stock
CDLX,Cardlytics Inc. Common Stock
CDNA,CareDx Inc. Common Stock
CDNL,Cardinal Infrastructure Group Inc. Class A Common Stock
CDNS,Cadence Design Systems Inc. Common Stock
CDP,COPT Defense Properties Common Shares of Beneficial Interest
CDRE,Cadre Holdings Inc. Common Stock
CDRO,Codere Online Luxembourg S.A. Ordinary Shares
CDROW,Codere Online Luxembourg S.A. Warrants
CDT,CDT Equity Inc. Common Stock
CDTG,CDT Environmental Technology Investment Holdings Limited ordinary shares
CDW,CDW Corporation Common Stock
CDXS,Codexis Inc. Common Stock
CDZI,CADIZ Inc. Common Stock
CE,Celanese Corporation Common Stock
CECO,CECO Environmental Corp. Common Stock
CEE,The Central and Eastern Europe Fund Inc. (The) Common Stock
CEG,Constellation Energy Corporation Common Stock
CELC,Celcuity Inc. Common Stock
CELH,Celsius Holdings Inc. Common Stock
CELU,Celularity Inc. Class A Common Stock
CELZ,Creative Medical Technology Holdings Inc. Common Stock
CENN,Cenntro Inc. Common Stock
CENT,Central Garden & Pet Company Common Stock
CENTA,Central Garden & Pet Company Class A Common Stock Nonvoting
CENX,Century Aluminum Company Common Stock
CEPF,Cantor Equity Partners IV Inc. Class A Ordinary Shares
CEPL,Capstone Energy Plus Inc. Common Stock
CEPO,Cantor Equity Partners I Inc. Class A Ordinary Shares
CEPS,Cantor Equity Partners VI Inc. Class A Ordinary Shares
CEPV,Cantor Equity Partners V Inc. Class A Ordinary Shares
CERS,Cerus Corporation Common Stock
CERT,Certara Inc. Common Stock
CET,Central Securities Corporation Common Stock
CETX,Cemtrex Inc. Common Stock
CETY,Clean Energy Technologies Inc. Common Stock
CEV,Eaton Vance California Municipal Income Trust Shares of Beneficial Interest
CEVA,CEVA Inc. Common Stock
CF,CF Industries Holdings Inc. Common Stock
CFBK,CF Bankshares Inc. Common Stock
CFFI,C&F Financial Corporation Common Stock
CFFN,Capitol Federal Financial Inc. Common Stock
CFG,Citizens Financial Group Inc. Common Stock
CFND,C1 Fund Inc. Common Stock
CFR,Cullen/Frost Bankers Inc. Common Stock
CG,The Carlyle Group Inc. Common Stock
CGABL,The Carlyle Group Inc. 4.625% Subordinated Notes due 2061
CGAU,Centerra Gold Inc. Common Shares
CGBD,Carlyle Secured Lending Inc. Common Stock
CGC,Canopy Growth Corporation Common Shares
CGCF,Cartesian Growth Corporation IV Class A Ordinary Shares
CGCFW,Cartesian Growth Corporation IV Warrants
CGEM,Cullinan Therapeutics Inc. Common Stock
CGEN,Compugen Ltd. Ordinary Shares
CGNT,Cognyte Software Ltd. Ordinary Shares
CGNX,Cognex Corporation Common Stock
CGO,Calamos Global Total Return Fund Common Stock
CGON,CG Oncology Inc. Common stock
CGTL,Creative Global Technology Holdings Limited Class A Ordinary Shares
CGTX,Cognition Therapeutics Inc. Common Stock
CHAI,Core AI Holdings Inc. Common Shares
CHCI,Comstock Holding Companies Inc. Class A Common Stock
CHCO,City Holding Company Common Stock
CHCT,Community Healthcare Trust Incorporated Common Stock
CHD,Church & Dwight Company Inc. Common Stock
CHDN,Churchill Downs Incorporated Common Stock
CHE,Chemed Corp
CHEF,The Chefs' Warehouse Inc. Common Stock
CHGA,Change Agents Corporation Common Stock
CHGG,Chegg Inc. Common Stock
CHH,Choice Hotels International Inc. Common Stock
CHI,Calamos Convertible Opportunities and Income Fund Common Stock
CHKP,Check Point Software Technologies Ltd. Ordinary Shares
CHMG,Chemung Financial Corp Common Stock
CHMI,Cherry Hill Mortgage Investment Corporation Common Stock
CHNR,China Natural Resources Inc. Common Stock
CHOW,ChowChow Cloud International Holdings Limited Ordinary Shares
CHPT,ChargePoint Holdings Inc. Common Stock
CHR,Cheer Holding Inc. Class A Ordinary Share
CHRD,Chord Energy Corporation Common Stock
CHRN,ChronoScale Holdings Corporation Common Stock
CHRS,Coherus Oncology Inc. Common Stock
CHRW,C.H. Robinson Worldwide Inc. Common Stock
CHSN,Chanson International Holding Class A Ordinary Shares
CHT,Chunghwa Telecom Co. Ltd.
CHTR,Charter Communications Inc. Class A Common Stock New
CHW,Calamos Global Dynamic Income Fund Common Stock
CHWY,Chewy Inc. Class A Common Stock
CHY,Calamos Convertible and High Income Fund Common Stock
CHYM,Chime Financial Inc. Class A Common Stock
CI,The Cigna Group Common Stock
CIA,Citizens Inc. Class A Common Stock ($1.00 Par)
CICB,CION Investment Corporation 7.50% Notes due 2029
CICC,CION Investment Corporation 7.50% Notes due 2031
CIEN,Ciena Corporation Common Stock
CIFR,Cipher Digital Inc. Common Stock
CIGI,Colliers International Group Inc. Subordinate Voting Shares
CIGL,Concorde International Group Ltd Class A Ordinary Shares
CII,BlackRock Enhanced Large Cap Core Fund Inc. Common Stock
CIIT,Tianci International Inc. Common Stock
CIK,Credit Suisse Asset Management Income Fund Inc. Common Stock
CIM,Chimera Investment Corporation Common Stock
CIMN,Chimera Investment Corporation 9.000% Senior Notes due 2029
CIMO,Chimera Investment Corporation 9.250% Senior Notes due 2029
CIMP,Chimera Investment Corporation 8.875% Senior Notes due 2030
CINF,Cincinnati Financial Corporation Common Stock
CING,Cingulate Inc. Common Stock
CINGW,Cingulate Inc. Warrants
CINT,CI&T Inc Class A Common Shares
CION,CION Investment Corporation Common Stock
CIRC,Circle8 Group Inc. Common Stock
CISO,CISO Global Inc. Common Stock
CISS,C3is Inc. Common Stock
CITR,CitroTech Inc. Common Stock
CIVB,Civista Bancshares Inc. Common Stock
CIX,CompX International Inc. Common Stock
CJMB,Callan JMB Inc. Common Stock
CKX,CKX Lands Inc. Common Stock
CL,Colgate-Palmolive Company Common Stock
CLAR,Clarus Corporation Common Stock
CLB,Core Laboratories Inc. Common Stock
CLBK,Columbia Financial Inc. Common Stock
CLBT,Cellebrite DI Ltd. Ordinary Shares
CLDI,Calidi Biotherapeutics Inc. Common Stock
CLDT,Chatham Lodging Trust (REIT) Common Shares of Beneficial Interest
CLDX,Celldex Therapeutics Inc.
CLF,Cleveland-Cliffs Inc. Common Stock
CLFD,Clearfield Inc. Common Stock
CLGN,CollPlant Biotechnologies Ltd Ordinary Shares
CLH,Clean Harbors Inc. Common Stock
CLIK,Click Holdings Limited Class A Ordinary Share
CLIR,ClearSign Technologies Corporation Common Stock (DE)
CLM,Cornerstone Strategic Investment Fund Inc. Common Shares
CLMB,Climb Global Solutions Inc. Common Stock
CLMT,Calumet Inc. Common Stock
CLNE,Clean Energy Fuels Corp. Common Stock
CLNN,Clene Inc. Common Stock
CLOV,Clover Health Investments Corp. Class A Common Stock
CLPR,Clipper Realty Inc. Common Stock
CLPS,CLPS Incorporation Common Stock
CLPT,ClearPoint Neuro Inc. Common Stock
CLRB,Cellectar Biosciences Inc.  Common Stock
CLRO,ClearOne Inc. Common Stock
CLS,Celestica Inc. Common Stock
CLSK,CleanSpark Inc. Common Stock
CLST,Catalyst Bancorp Inc. Common Stock
CLVT,Clarivate Plc Ordinary Shares
CLW,Clearwater Paper Corporation Common Stock
CLWT,Euro Tech Holdings Company Limited Common Stock
CLX,Clorox Company (The) Common Stock
CLYM,Climb Bio Inc. Common Stock
CM,Canadian Imperial Bank of Commerce Common Stock
CMBT,CMB.TECH NV Ordinary Shares
CMC,Commercial Metals Company Common Stock
CMCL,Caledonia Mining Corporation Plc Common Shares
CMCO,Columbus McKinnon Corporation Common Stock
CMCSA,Comcast Corporation Class A Common Stock
CMCT,Creative Media & Community Trust Corporation Common stock
CMDB,Costamare Bulkers Holdings Limited Common Stock
CME,CME Group Inc. Class A Common Stock
CMG,Chipotle Mexican Grill Inc. Common Stock
CMI,Cummins Inc. Common Stock
CMII,Columbus Circle Capital Corp II Class A Ordinary Shares
CMND,Clearmind Medicine Inc. Common Shares
CMP,Compass Minerals Intl Inc Common Stock
CMPR,Cimpress plc Ordinary Shares (Ireland)
CMPS,COMPASS Pathways Plc American Depository Shares
CMPX,Compass Therapeutics Inc. Common Stock
CMRC,Commerce.com Inc. Series 1 Common Stock
CMRE,Costamare Inc. Common Stock $0.0001 par value
CMS,CMS Energy Corporation Common Stock
CMSA,CMS Energy Corporation 5.625% Junior Subordinated Notes due 2078
CMSC,CMS Energy Corporation 5.875% Junior Subordinated Notes due 2078
CMSD,CMS Energy Corporation 5.875% Junior Subordinated Notes due 2079
CMT,Core Molding Technologies Inc Common Stock
CMTG,Claros Mortgage Trust Inc. Common Stock
CMTL,Comtech Telecommunications Corp. Common Stock
CMTV,Community Bancorp. Common Stock
CNA,CNA Financial Corporation Common Stock
CNC,Centene Corporation Common Stock
CNCK,Coincheck Group N.V. Ordinary Shares
CNCKW,Coincheck Group N.V. Warrants
CNDT,Conduent Incorporated Common Stock
CNET,ZW Data Action Technologies Inc. Common Stock
CNEY,CN Energy Group Inc. Class A Ordinary Shares
CNH,CNH Industrial N.V. Common Shares
CNI,Canadian National Railway Company Common Stock
CNK,Cinemark Holdings Inc Cinemark Holdings Inc. Common Stock
CNL,Collective Mining Ltd. Common Shares
CNM,Core & Main Inc. Class A Common Stock
CNMD,CONMED Corporation Common Stock
CNNE,Cannae Holdings Inc. Common Stock
CNO,CNO Financial Group Inc. Common Stock
CNOB,ConnectOne Bancorp Inc. Common Stock
CNP,CenterPoint Energy Inc (Holding Co) Common Stock
CNQ,Canadian Natural Resources Limited Common Stock
CNR,Core Natural Resources Inc. Common Stock
CNS,Cohen & Steers Inc Common Stock
CNSP,CNS Pharmaceuticals Inc. Common Stock
CNSY,Cerenome Inc. Common Stock
CNTB,Connect Biopharma Holdings Limited Ordinary Shares
CNTN,Canton Strategic Holdings Inc. Common Stock
CNTX,Context Therapeutics Inc. Common Stock
CNTY,Century Casinos Inc. Common Stock
CNVS,Cineverse Corp. Class A Common Stock
CNX,CNX Resources Corporation Common Stock
CNXC,Concentrix Corporation Common Stock
CNXN,PC Connection Inc. Common Stock
CNXU,Conexeu Sciences Inc. Common Stock
COAG,Hemab Therapeutics Holdings Inc. Common Stock
COCH,Envoy Medical Inc. Class A Common Stock
COCO,The Vita Coco Company Inc. Common Stock
COCP,Cocrystal Pharma Inc. Common Stock
CODA,Coda Octopus Group Inc. Common stock
CODI,D/B/A Compass Diversified Holdings Shares of Beneficial Interest
CODX,Co-Diagnostics Inc. Common Stock
COF,Capital One Financial Corporation Common Stock
COFS,ChoiceOne Financial Services Inc. Common Stock
COGT,Cogent Biosciences Inc. Common Stock
COHN,Cohen & Company Inc.
COHR,Coherent Corp. Common Stock
COHU,Cohu Inc. Common Stock
COIN,Coinbase Global Inc. Class A Common Stock
COKE,Coca-Cola Consolidated Inc. Common Stock
COLB,Columbia Banking System Inc. Common Stock
COLD,Americold Realty Trust Inc. Common Stock
COLL,Collegium Pharmaceutical Inc. Common Stock
COLM,Columbia Sportswear Company Common Stock
COMP,Compass Inc. Class A Common Stock
CON,Concentra Group Holdings Parent Inc. Common Stock
COO,The Cooper Companies Inc. Common Stock
COOK,Traeger Inc. Common Stock
COOT,Australian Oilseeds Holdings Limited Ordinary Shares
COP,ConocoPhillips Common Stock
COPR,Idaho Copper Corporation Common Stock
COR,Cencora Inc. Common Stock
CORT,Corcept Therapeutics Incorporated Common Stock
CORZ,Core Scientific Inc. Common Stock
CORZW,Core Scientific Inc. Tranche 1 Warrants
CORZZ,Core Scientific Inc. Tranche 2 Warrants
COSM,Cosmos Health Inc. Common Stock
COSO,CoastalSouth Bancshares Inc. Common Stock
COST,Costco Wholesale Corporation Common Stock
COTY,Coty Inc. Class A Common Stock
COUR,Coursera Inc. Common Stock
COYA,Coya Therapeutics Inc. Common Stock
CP,Canadian Pacific Kansas City Limited Common Shares
CPA,Copa Holdings S.A. Class A Common Stock
CPAY,Corpay Inc. Common Stock
CPB,The Campbell's Company Common Stock
CPBI,Central Plains Bancshares Inc. Common Stock
CPF,Central Pacific Financial Corp New
CPHC,Canterbury Park Holding Corporation 'New' Common Stock
CPHI,China Pharma Holdings Inc. Common Stock
CPIX,Cumberland Pharmaceuticals Inc. Common Stock
CPK,Chesapeake Utilities Corporation Common Stock
CPNG,Coupang Inc. Class A Common Stock
CPOP,Pop Culture Group Co. Ltd Class A Ordinary Shares
CPRI,Capri Holdings Limited Ordinary Shares
CPRT,Copart Inc. (DE) Common Stock
CPS,Cooper-Standard Holdings Inc. Common Stock
CPSH,CPS Technologies Corp. Common Stock
CPSS,Consumer Portfolio Services Inc. Common Stock
CPT,Camden Property Trust Common Stock
CPZ,Calamos Long/Short Equity & Dynamic Income Trust Common Stock
CQP,Cheniere Energy Partners LP Common Units
CR,Crane Company Common Stock
CRAI,CRA International Inc. Common Stock
CRBD,Corebridge Financial Inc. 6.375% Junior Subordinated Notes due 2064
CRBG,Corebridge Financial Inc. Common Stock
CRBP,Corbus Pharmaceuticals Holdings Inc. Common Stock
CRBU,Caribou Biosciences Inc. Common Stock
CRC,California Resources Corporation Common Stock
CRCL,Circle Internet Group Inc. Class A Common Stock
CRCT,Cricut Inc. Class A Common Stock
CRDF,Cardiff Oncology Inc. Common Stock
CRDL,Cardiol Therapeutics Inc. Class A Common Shares
CRDO,Credo Technology Group Holding Ltd Ordinary Shares
CRE,Cre8 Enterprise Limited Class A Ordinary Shares
CREX,Creative Realities Inc. Common Stock
CRF,Cornerstone Total Return Fund Inc. (The) Common Stock
CRGO,Freightos Limited Ordinary shares
CRGOW,Freightos Limited Warrants
CRGY,Crescent Energy Company Class A Common Stock
CRH,CRH PLC Ordinary Shares
CRI,Carter's Inc. Common Stock
CRIS,Curis Inc. Common Stock
CRK,Comstock Resources Inc. Common Stock
CRL,Charles River Laboratories International Inc. Common Stock
CRM,Salesforce Inc. Common Stock
CRMD,CorMedix Inc. Common Stock
CRML,Critical Metals Corp. Ordinary Shares
CRMLW,Critical Metals Corp. Warrants
CRMT,America's Car-Mart Inc Common Stock
CRNC,Cerence Inc. Common Stock
CRNT,Ceragon Networks Ltd. Ordinary Shares
CRNX,Crinetics Pharmaceuticals Inc. Common Stock
CRON,Cronos Group Inc. Common Share
CROX,Crocs Inc. Common Stock
CRS,Carpenter Technology Corporation Common Stock
CRSP,CRISPR Therapeutics AG Common Shares
CRSR,Corsair Gaming Inc. Common Stock
CRT,Cross Timbers Royalty Trust Common Stock
CRTO,Criteo S.A. Ordinary Shares
CRUS,Cirrus Logic Inc. Common Stock
CRVL,CorVel Corp. Common Stock
CRVO,CervoMed Inc. Common Stock
CRVS,Corvus Pharmaceuticals Inc. Common Stock
CRWD,CrowdStrike Holdings Inc. Class A Common Stock
CRWS,Crown Crafts Inc Common Stock
CRWV,CoreWeave Inc. Class A Common Stock
CSAI,Cloudastructure Inc. Class A Common Stock
CSAN,Cosan S.A. ADS
CSBR,Champions Oncology Inc. Common Stock
CSCO,Cisco Systems Inc. Common Stock (DE)
CSGP,CoStar Group Inc. Common Stock
CSHR,CoinShares PLC Ordinary Shares
CSHRW,CoinShares PLC Warrants
CSIQ,Canadian Solar Inc. Common Shares (ON)
CSL,Carlisle Companies Incorporated Common Stock
CSPI,CSP Inc. Common Stock
CSQ,Calamos Strategic Total Return Common Stock
CSQR,Csquare Inc. Common Stock
CSR,D/B/A Centerspace Common Stock
CSTE,Caesarstone Ltd. Ordinary Shares
CSTL,Castle Biosciences Inc. Common Stock
CSTM,Constellium SE Ordinary Shares (France)
CSV,Carriage Services Inc. Common Stock
CSW,CSW Industrials Inc. Common Stock
CSWC,Capital Southwest Corporation Common Stock
CSX,CSX Corporation Common Stock
CTAS,Cintas Corporation Common Stock
CTBI,Community Trust Bancorp Inc. Common Stock
CTEV,Claritev Corporation Class A Common Stock
CTGG,Qwest Corporation 6.500% Senior Notes due 2051 (denominations of $25)
CTGO,Contango Silver & Gold Inc. Common Stock
CTHH,Qwest Corporation 6.750% Senior Notes due 2052 (denominations of $25)
CTKB,Cytek Biosciences Inc. Common Stock
CTM,Castellum Inc. Common Stock
CTMX,CytomX Therapeutics Inc. Common Stock
CTNM,Contineum Therapeutics Inc. Class A Common Stock
CTNT,Cheetah Net Supply Chain Service Inc Class A Common Stock
CTO,CTO Realty Growth Inc. Common Stock
CTOR,Citius Oncology Inc. Common Stock
CTOS,Custom Truck One Source Inc. Common Stock
CTRE,CareTrust REIT Inc. Common Stock
CTRI,Centuri Holdings Inc. Common Stock
CTRM,Castor Maritime Inc. Common Shares
CTRN,Citi Trends Inc. Common Stock
CTS,CTS Corporation Common Stock
CTSH,Cognizant Technology Solutions Corporation Class A Common Stock
CTSO,Cytosorbents Corporation Common Stock
CTVA,Corteva Inc. Common Stock
CTW,CTW Class A Ordinary Shares
CTXR,Citius Pharmaceuticals Inc. Common Stock
CUB,Lionheart Holdings Class A Ordinary Shares
CUBB,Customers Bancorp Inc 5.375% Subordinated Notes Due 2034
CUBE,CubeSmart Common Shares
CUBI,Customers Bancorp Inc Common Stock
CUE,Cue Biopharma Inc. Common Stock
CULP,Culp Inc. Common Stock
CUPR,Cuprina Holdings (Cayman) Limited Class A Ordinary Shares
CURB,Curbline Properties Corp. Common Stock
CURI,CuriosityStream Inc. Class A Common Stock
CURR,Currenc Group Inc. Ordinary Shares
CURV,Torrid Holdings Inc. Common Stock
CURX,Curanex Pharmaceuticals Inc Common Stock
CUZ,Cousins Properties Incorporated Common Stock
CV,CapsoVision Inc. Common Stock
CVBF,CVB Financial Corporation Common Stock
CVCO,Cavco Industries Inc. Common Stock When Issued
CVE,Cenovus Energy Inc Common Stock
CVEO,Civeo Corporation (Canada) Common Shares
CVGI,Commercial Vehicle Group Inc. Common Stock
CVI,CVR Energy Inc. Common Stock
CVKD,Cadrenal Therapeutics Inc. Common Stock
CVLG,Covenant Logistics Group Inc. Class A Common Stock
CVLT,Commvault Systems Inc. Common Stock
CVM,Cel-Sci Corporation Common Stock
CVNA,Carvana Co. Class A Common Stock
CVR,Chicago Rivet & Machine Co. Common Stock
CVRX,CVRx Inc. Common Stock
CVS,CVS Health Corporation Common Stock
CVSA,Covista Inc. Common Shares
CVU,CPI Aerostructures Inc. Common Stock
CVV,CVD Equipment Corporation Common Stock
CVX,Chevron Corporation Common Stock
CW,Curtiss-Wright Corporation Common Stock
CWBC,Community West Bancshares Common Stock
CWCO,Consolidated Water Co. Ltd. Ordinary Shares
CWD,CaliberCos Inc. Class A Common Stock
CWEN,Clearway Energy Inc. Class C Common Stock
CWH,Camping World Holdings Inc. Class A Common Stock
CWK,Cushman & Wakefield Ltd. Common Shares
CWST,Casella Waste Systems Inc. Class A Common Stock
CWT,California Water Service Group Common Stock
CX,Cemex S.A.B. de C.V. Sponsored ADR
CXAI,CXApp Inc. Class A Common Stock
CXDO,Crexendo Inc. Common Stock
CXII,Churchill Capital Corp XII Class A Ordinary Shares
CXIIU,Churchill Capital Corp XII Units
CXIIW,Churchill Capital Corp XII Warrants
CXM,Sprinklr Inc. Class A Common Stock
CXT,Crane NXT Co. Common Stock
CXW,CoreCivic Inc. Common Stock
CYAB,Cyabra Inc. Common Stock
CYCN,Cyclerion Therapeutics Inc. Common Stock
CYCU,Cycurion Inc. Common Stock
CYD,China Yuchai International Limited Common Stock
CYH,Community Health Systems Inc. Common Stock
CYN,Cyngn Inc. Common Stock
CYPH,Cypherpunk Technologies Inc. Common Stock
CYRX,CryoPort Inc. Common Stock
CYTK,Cytokinetics Incorporated Common Stock
CZFS,Citizens Financial Services Inc. Common Stock
CZNC,Citizens & Northern Corp Common Stock
CZR,Caesars Entertainment Inc. Common Stock
CZWI,Citizens Community Bancorp Inc. Common Stock
D,Dominion Energy Inc. Common Stock
DAC,Danaos Corporation Common Stock
DAIC,CID HoldCo Inc. Common Stock
DAICW,CID HoldCo Inc. Warrants
DAIO,Data I/O Corporation Common Stock
DAKT,Daktronics Inc. Common Stock
DAL,Delta Air Lines Inc. Common Stock
DAN,Dana Incorporated Common Stock
DAR,Darling Ingredients Inc. Common Stock
DARE,Dare Bioscience Inc. Common Stock
DASH,DoorDash Inc. Class A Common Stock
DAVE,Dave Inc. Class A Common Stock
DAVEW,Dave Inc. Warrants
DB,Deutsche Bank AG Common Stock
DBD,Diebold Nixdorf Incorporated Common stock
DBGI,Digital Brands Group Inc. Common Stock
DBI,Designer Brands Inc. Class A Common Stock
DBL,DoubleLine Opportunistic Credit Fund Common Shares of Beneficial Interest
DBRG,DigitalBridge Group Inc.
DBX,Dropbox Inc. Class A Common Stock
DC,Dakota Gold Corp. Common Stock
DCBG,Dime Commercial Bancshares Inc. 9.000% Junior Subordinated Notes
DCBO,Docebo Inc. Common Shares
DCGO,DocGo Inc. Common Stock
DCH,Dauch Corporation Common Stock
DCI,Donaldson Company Inc. Common Stock
DCO,Ducommun Incorporated Common Stock
DCOM,Dime Commercial Bancshares Inc. Common Stock
DCOY,Decoy Therapeutics Inc. Common Stock
DCTH,Delcath Systems Inc. Common Stock
DCX,Digital Currency X Technology Inc. Class A Ordinary Shares
DD,DuPont de Nemours Inc. Common Stock
DDC,DDC Enterprise Limited Class A Ordinary Shares
DDD,3D Systems Corporation Common Stock
DDI,DoubleDown Interactive Co. Ltd. American Depository Shares
DDOG,Datadog Inc. Class A Common Stock
DDS,Dillard's Inc. Common Stock
DDT,Dillard's Capital Trust I
DE,Deere & Company Common Stock
DEA,Easterly Government Properties Inc. Common Stock
DEC,Diversified Energy Company Common Stock
DECK,Deckers Outdoor Corporation Common Stock
DEFT,Defi Technologies Inc. Common Stock
DEI,Douglas Emmett Inc. Common Stock
DELL,Dell Technologies Inc. Class C Common Stock
DEO,Diageo plc Common Stock
DERM,Journey Medical Corporation Common Stock
DETX,Liberty Defense Holdings Ltd. Common Shares
DFDV,DeFi Development Corp. Common Stock
DFH,Dream Finders Homes Inc. Class A Common Stock
DFIN,Donnelley Financial Solutions Inc. Common Stock
DFLI,Dragonfly Energy Holdings Corp. Common Stock (NV)
DFNS,T3 Defense Inc. Common Stock
DFNSW,T3 Defense Inc. Warrants
DFSC,DEFSEC Technologies Inc. Common Stock
DFTX,Definium Therapeutics Inc. Common Shares
DG,Dollar General Corporation Common Stock
DGICA,Donegal Group Inc. Class A Common Stock
DGICB,Donegal Group Inc. Class B Common Stock
DGII,Digi International Inc. Common Stock
DGNX,Diginex Limited Ordinary Shares
DGX,Quest Diagnostics Incorporated Common Stock
DGXX,Digi Power X Inc. Subordinate Voting Shares
DH,Definitive Healthcare Corp. Class A Common Stock
DHC,Diversified Healthcare Trust Common Shares of Beneficial Interest
DHCNI,Diversified Healthcare Trust 5.625% Senior Notes due 2042
DHCNL,Diversified Healthcare Trust 6.25% Senior Notes Due 2046
DHF,BNY Mellon High Yield Strategies Fund Common Stock
DHI,D.R. Horton Inc. Common Stock
DHR,Danaher Corporation Common Stock
DHT,DHT Holdings Inc.
DHX,DHI Group Inc. Common Stock
DHY,Credit Suisse High Yield Credit Fund Common Stock
DIBS,1stdibs.com Inc. Common Stock
DIN,Dine Brands Global Inc. Common Stock
DINO,HF Sinclair Corporation Common Stock
DIOD,Diodes Incorporated Common Stock
DIS,Walt Disney Company (The) Common Stock
DIT,AMCON Distributing Company Common Stock
DJCO,Daily Journal Corp. (S.C.) Common Stock
DJT,Trump Media & Technology Group Corp. Common Stock
DJTWW,Trump Media & Technology Group Corp. Warrants
DK,Delek US Holdings Inc. Common Stock
DKI,DarkIris Inc. Class A Ordinary Shares
DKL,Delek Logistics Partners L.P. Common Units representing Limited Partner Interests
DKNG,DraftKings Inc. Class A Common Stock
DKS,Dick's Sporting Goods Inc Common Stock
DLB,Dolby Laboratories Common Stock
DLHC,DLH Holdings Corp.
DLNG,Dynagas LNG Partners LP Common Units
DLO,DLocal Limited Class A Common Shares
DLPN,Dolphin Entertainment Inc. Common Stock
DLR,Digital Realty Trust Inc. Common Stock
DLTH,Duluth Holdings Inc. Class B Common Stock
DLTR,Dollar Tree Inc. Common Stock
DLX,Deluxe Corporation Common Stock
DLXY,Delixy Holdings Limited Class A Ordinary Shares
DLY,DoubleLine Yield Opportunities Fund Common Shares of Beneficial Interest
DMA,Destra Multi-Alternative Fund Common Stock
DMAC,DiaMedica Therapeutics Inc. Common Stock
DMB,BNY Mellon Municipal Bond Infrastructure Fund Inc. Common Stock
DMC,Del Monte Corporation Ordinary Shares
DMLP,Dorchester Minerals L.P. Common Units Representing Limited Partnership Interests
DMO,Western Asset Mortgage Opportunity Fund Inc. Common Stock
DMRA,Damora Therapeutics Inc. Ordinary Shares
DMRC,Digimarc Corporation Common Stock
DNA,Ginkgo Bioworks Holdings Inc. Class A Common Stock
DNLI,Denali Therapeutics Inc. Common Stock
DNMX,Dynamix Corporation III Class A Ordinary Shares
DNMXW,Dynamix Corporation III Warrants
DNN,Denison Mines Corp Ordinary Shares (Canada)
DNOW,DNOW Inc. Common Stock
DNP,DNP Select Income Fund Inc. Common Stock
DNTH,Dianthus Therapeutics Inc. Common Stock
DNUT,Krispy Kreme Inc. Common Stock
DOC,Healthpeak Properties Inc. Common Stock
DOCN,DigitalOcean Holdings Inc. Common Stock
DOCS,Doximity Inc. Class A Common Stock
DOCU,DocuSign Inc. Common Stock
DOGZ,Dogness (International) Corporation Class A Common Stock
DOLE,Dole plc Ordinary Shares
DOMH,Dominari Holdings Inc. Common Stock
DOMO,Domo Inc. Class B Common Stock
DOO,BRP Inc. Common Subordinate Voting Shares
DORM,Dorman Products Inc. Common Stock
DOUG,Douglas Elliman Inc. Common Stock
DOV,Dover Corporation Common Stock
DOW,Dow Inc. Common Stock
DOX,Amdocs Limited Ordinary Shares
DOYU,DouYu International Holdings Limited ADS
DPC,DPC Holdings PLC Ordinary Shares
DPG,Duff & Phelps Utility and Infrastructure Fund Inc.
DPRO,Draganfly Inc. Common Shares
DPU,Top KingWin Ltd Class A Ordinary Shares
DPZ,Domino's Pizza Inc Common Stock
DRCT,Direct Digital Holdings Inc. Class A Common Stock
DRH,Diamondrock Hospitality Company Common Stock
DRI,Darden Restaurants Inc. Common Stock
DRIO,DarioHealth Corp. Common Stock
DRMA,Dermata Therapeutics Inc. Common Stock
DRS,Leonardo DRS Inc. Common Stock
DRTS,Alpha Tau Medical Ltd. Ordinary Shares
DRUG,Bright Minds Biosciences Inc. Common Stock
DRVN,Driven Brands Holdings Inc. Common Stock
DSGN,Design Therapeutics Inc. Common Stock
DSGR,Distribution Solutions Group Inc. Common Stock
DSGX,Descartes Systems Group Inc. (The) Common Stock
DSL,DoubleLine Income Solutions Fund Common Shares of Beneficial Interests
DSM,BNY Mellon Strategic Municipal Bond Fund Inc. Common Stock
DSP,Viant Technology Inc. Class A Common Stock
DSS,DSS Inc. Common Stock
DSU,Blackrock Debt Strategies Fund Inc. Common Stock
DSWL,Deswell Industries Inc. Common Shares
DSX,Diana Shipping inc. common stock
DSY,Big Tree Cloud Holdings Limited Class A Ordinary Shares
DSYWW,Big Tree Cloud Holdings Limited Warrants
DT,Dynatrace Inc. Common Stock
DTB,DTE Energy Company 2020 Series G 4.375% Junior Subordinated Debentures due 2080
DTCX,Datacentrex Inc. Common Stock
DTE,DTE Energy Company Common Stock
DTF,DTF Tax-Free Income 2028 Term Fund Inc. Common Stock
DTG,DTE Energy Company 2021 Series E 4.375% Junior Subordinated Debentures
DTI,Drilling Tools International Corporation Common Stock
DTIL,Precision BioSciences Inc. Common Stock
DTK,DTE Energy Company 2025 Series H 6.25% Junior Subordinated Debentures due 2085
DTM,DT Midstream Inc. Common Stock
DTSS,Datasea Intelligent Technology Ltd. Class A Ordinary Shares
DTST,Data Storage Corporation Common Stock
DTW,DTE Energy Company 2017 Series E 5.25% Junior Subordinated Debentures due 2077
DUK,Duke Energy Corporation (Holding Company) Common Stock
DUKB,Duke Energy Corporation 5.625% Junior Subordinated Debentures due 2078
DUKR,DUKE Robotics Corp. Common Stock
DUKU,Duke Energy Corporation Corporate Units
DUO,Fangdd Network Group Ltd. Class A Ordinary Shares
DUOL,Duolingo Inc. Class A Common Stock
DUOT,Duos Technologies Group Inc. Common Stock
DV,DoubleVerify Holdings Inc. Common Stock
DVA,DaVita Inc. Common Stock
DVLT,Datavault AI Inc. Common Stock
DVN,Devon Energy Corporation Common Stock
DWSN,Dawson Geophysical Company Common Stock
DWTX,Dogwood Therapeutics Inc. Common Stock
DX,Dynex Capital Inc. Common Stock
DXC,DXC Technology Company Common Stock
DXCM,DexCom Inc. Common Stock
DXLG,Destination XL Group Inc. Common Stock
DXPE,DXP Enterprises Inc. Common Stock
DXR,Daxor Corporation Common Stock
DXST,Decent Holding Inc Class A Ordinary Shares
DXYZ,Destiny Tech100 Inc. Common Stock
DY,Dycom Industries Inc. Common Stock
DYAI,Dyadic International Inc. Common Stock
DYN,Dyne Therapeutics Inc. Common Stock
DYNC,Dynamix Corporation Class A Ordinary Shares
DYOR,Insight Digital Partners II Class A Ordinary Shares
DYORU,Insight Digital Partners II Units
DYORW,Insight Digital Partners II Warrants
E,ENI S.p.A. Common Stock
EAD,Allspring Income Opportunities Fund Common Shares
EAF,GrafTech International Ltd. Common Stock
EAI,Entergy Arkansas LLC First Mortgage Bonds 4.875% Series Due September 1 2066
EARN,Ellington Credit Company Common Shares of Beneficial Interest
EAT,Brinker International Inc. Common Stock
EBAY,eBay Inc. Common Stock
EBC,Eastern Bankshares Inc. Common Stock
EBF,Ennis Inc. Common Stock
EBMT,Eagle Bancorp Montana Inc. Common Stock
EBON,Ebang International Holdings Inc. Class A Ordinary Shares
EBS,Emergent BioSolutions Inc. Common Stock
ECAT,BlackRock ESG Capital Allocation Term Trust Common Shares of Beneficial Interest
ECBK,ECB Bancorp Inc. Common Stock
ECC,Eagle Point Credit Company Common Share of Beneficial Interest
ECCU,Eagle Point Credit Company 7.75% Notes due 2030
ECCV,Eagle Point Credit Company 5.375% Notes due 2029
ECF,Ellsworth Growth and Income Fund Ltd.
ECG,Everus Construction Group Inc. Common Stock
ECHO,EchoStar  Corporation Common Stock
ECL,Ecolab Inc. Common Stock
ECO,Okeanis Eco Tankers Corp. Common Stock
ECOR,electroCore Inc. Common Stock
ECPG,Encore Capital Group Inc Common Stock
ECVT,Ecovyst Inc. Common Stock
ECX,ECARX Holdings Inc. Class A Ordinary shares
ED,Consolidated Edison Inc. Common Stock
EDBL,Edible Garden AG Incorporated Common Stock
EDD,Morgan Stanley Emerging Markets Domestic Debt Fund Inc. Common Stock
EDF,Virtus Stone Harbor Emerging Markets Income Fund Common Shares of Beneficial Interest
EDHL,Everbright Digital Holding Limited Ordinary Shares
EDIT,Editas Medicine Inc. Common Stock
EDRY,EuroDry Ltd. Common Shares
EDSA,Edesa Biotech Inc. Common Shares
EDTK,Skillful Craftsman Education Technology Limited Ordinary Share
EDU,New Oriental Education & Technology Group Inc. Sponsored ADR representing 10 Ordinary Share (Cayman Islands)
EDUC,Educational Development Corporation Common Stock
EE,Excelerate Energy Inc. Class A Common Stock
EEA,The European Equity Fund Inc. Common Stock
EEFT,Euronet Worldwide Inc. Common Stock
EEIQ,EpicQuest Education Group International Limited Common Stock
EFC,Ellington Financial Inc. Common Stock
EFOI,Energy Focus Inc. Common Stock
EFOR,Everforth Inc. Common Stock
EFR,Eaton Vance Senior Floating-Rate Fund Common Shares of Beneficial Interest
EFSC,Enterprise Financial Services Corporation Common Stock
EFSI,Eagle Financial Services Inc Common Stock
EFT,Eaton Vance Floating Rate Income Trust Common Shares of Beneficial Interest
EFX,Equifax Inc. Common Stock
EFXT,Enerflex Ltd Common Shares
EG,Everest Group Ltd. Common Stock
EGAN,eGain Corporation Common Stock
EGBN,Eagle Bancorp Inc. Common Stock
EGG,Enigmatig Limited Class A Ordinary Shares
EGHT,8x8 Inc Common Stock
EGO,Eldorado Gold Corporation Ordinary Shares
EGP,EastGroup Properties Inc. Common Stock
EGY,VAALCO Energy Inc.  Common Stock
EH,EHang Holdings Limited ADS
EHC,Encompass Health Corporation Common Stock
EHGO,Eshallgo Inc. Class A Ordinary Shares
EHI,Western Asset Global High Income Fund Inc Common Stock
EHLD,Euroholdings Ltd. Common Stock
EHTH,eHealth Inc. Common Stock
EIC,Eagle Point Income Company Inc. Common Stock
EIG,Employers Holdings Inc Common Stock
EIKN,Eikon Therapeutics Inc. Common Stock
EIM,Eaton Vance Municipal Bond Fund Common Shares of Beneficial Interest $.01 par value
EIX,Edison International Common Stock
EJH,E-Home Household Service Holdings Limited Ordinary Shares
EL,Estee Lauder Companies Inc. (The) Common Stock
ELA,Envela Corporation Common Stock
ELAB,PMGC Holdings Inc. Common Stock
ELAN,Elanco Animal Health Incorporated Common Stock
ELBM,Electra Battery Materials Corporation Common Stock
ELC,Entergy Louisiana Inc. Collateral Trust Mortgage Bonds 4.875 % Series due September 1 2066
ELDN,Eledon Pharmaceuticals Inc. Common Stock
ELE,Elemental Royalty Corporation Common Stock
ELF,e.l.f. Beauty Inc. Common Stock
ELLA,Ellington Credit Company 8.50% Notes due 2031
ELLO,Ellomay Capital Ltd Ordinary Shares (Israel)
ELMD,Electromed Inc. Common Stock
ELME,Elme Communities Common Stock
ELMT,The Elmet Group Co. Common Stock
ELOG,Eastern International Ltd. Ordinary Shares
ELOX,Eloxx Pharmaceuticals Inc. Common Stock
ELPW,Elong Power Holding Limited Class A Ordinary Shares
ELS,Equity Lifestyle Properties Inc. Common Stock
ELTK,Eltek Ltd. Ordinary Shares
ELTX,Elicio Therapeutics Inc. Common Stock
ELUT,Elutia Inc. Class A Common Stock
ELV,Elevance Health Inc. Common Stock
ELVA,Electrovaya Inc. Common Shares
ELVN,Enliven Therapeutics Inc. Common Stock
ELVR,Elevra Lithium Limited American Depository Shares
ELWT,Elauwit Connection Inc. Common Stock
EMA,Emera Incorporated Common Shares
EMAT,Evolution Metals & Technologies Corp. Common Stock
EMBC,Embecta Corp. Common Stock
EMBJ,Embraer S.A. Common Stock
EMD,Western Asset Emerging Markets Debt Fund Inc Common Stock
EME,EMCOR Group Inc. Common Stock
EMF,Templeton Emerging Markets Fund Common Stock
EML,Eastern Company (The) Common Stock
EMN,Eastman Chemical Company Common Stock
EMO,ClearBridge Energy Midstream Opportunity Fund Inc. Common Stock
EMP,Entergy Mississippi LLC First Mortgage Bonds 4.90% Series Due October 1 2066
EMPD,Empery Digital Inc. Common stock
EMR,Emerson Electric Company Common Stock
ENB,Enbridge Inc Common Stock
ENGN,enGene Therapeutics Inc. Common Stock
ENGS,Energys Group Limited Ordinary Shares
ENHA,Enhanced Group Inc. Class A Common Stock
ENJ,Entergy New Orleans LLC First Mortgage Bonds 5.0% Series due December 1 2052
ENLT,Enlight Renewable Energy Ltd. Ordinary Shares
ENLV,Enlivex Ltd. Ordinary Shares
ENO,Entergy New Orleans LLC First Mortgage Bonds 5.50% Series due April 1 2066
ENOV,Enovis Corporation Common Stock
ENPH,Enphase Energy Inc. Common Stock
ENR,Energizer Holdings Inc. Common Stock
ENRDW,Einride AB Warrants
ENS,EnerSys Common Stock
ENSC,Ensysce Biosciences Inc. Common Stock
ENSG,The Ensign Group Inc. Common Stock
ENTA,Enanta Pharmaceuticals Inc. Common Stock
ENTG,Entegris Inc. Common Stock
ENTX,Entera Bio Ltd. Ordinary Shares
ENVA,Enova International Inc. Common Stock
ENVB,Enveric Biosciences Inc. Common Stock
ENVX,Enovix Corporation Common Stock
EOD,Allspring Global Dividend Opportunity Fund Common Shares of Beneficial Interest
EOG,EOG Resources Inc. Common Stock
EOI,Eaton Vance Enhance Equity Income Fund Eaton Vance Enhanced Equity Income Fund Shares of Beneficial Interest
EOLS,Evolus Inc. Common Stock
EONR,EON Resources Inc. Class A Common Stock
EOS,Eaton Vance Enhance Equity Income Fund II Common Stock
EOSE,Eos Energy Enterprises Inc. Class A Common Stock
EOT,Eaton Vance Municipal Income Trust EATON VANCE NATIONAL MUNICIPAL OPPORTUNITIES TRUST
EP,Empire Petroleum Corporation Common Stock
EPAC,Enerpac Tool Group Corp. Common Stock
EPAM,EPAM Systems Inc. Common Stock
EPC,Edgewell Personal Care Company Common Stock
EPD,Enterprise Products Partners L.P. Common Stock
EPM,Evolution Petroleum Corporation Inc. Common Stock
EPOW,E-Power Inc. Class A Ordinary Shares
EPR,EPR Properties Common Stock
EPRT,Essential Properties Realty Trust Inc. Common Stock
EPRX,Eupraxia Pharmaceuticals Inc. Common Stock
EPSM,Epsium Enterprise Limited Class A Ordinary Shares
EPSN,Epsilon Energy Ltd. Common Share
EQ,Equillium Inc. Common Stock
EQBK,Equity Bancshares Inc. Class A Common Stock
EQH,Equitable Holdings Inc. Common Stock
EQIX,Equinix Inc. Common Stock REIT
EQNR,Equinor ASA
EQPT,EquipmentShare.com Inc Class A Common Stock
EQS,Equus Total Return Inc. Common Stock
EQT,EQT Corporation Common Stock
EQX,Equinox Gold Corp. Common Shares
ERAS,Erasca Inc. Common Stock
ERC,Allspring Multi-Sector Income Fund Common Stock
ERH,Allspring Utilities and High Income Fund Common Shares
ERIE,Erie Indemnity Company Class A Common Stock
ERII,Energy Recovery Inc. Common Stock
ERNA,Ernexa Therapeutics Inc. Common Stock
ERNAW,Ernexa Therapeutics Inc. Warrants
ERO,Ero Copper Corp. Common Shares
EROC,ERock Inc. Class A Common Stock
EROK,EagleRock Land LLC Class A shares representing limited liability company interests
ES,Eversource Energy (D/B/A) Common Stock
ESAB,ESAB Corporation Common Stock
ESCA,Escalade Incorporated Common Stock
ESE,ESCO Technologies Inc. Common Stock
ESEA,Euroseas Ltd. Common Stock (Marshall Islands)
ESI,Element Solutions Inc. Common Stock
ESLA,Estrella Immunopharma Inc. Common Stock
ESLT,Elbit Systems Ltd. Ordinary Shares
ESNT,Essent Group Ltd. Common Shares
ESOA,Energy Services of America Corporation Common Stock
ESP,Espey Mfg. & Electronics Corp. Common Stock
ESQ,Esquire Financial Holdings Inc. Common Stock
ESRT,Empire State Realty Trust Inc. Class A Common Stock
ESS,Essex Property Trust Inc. Common Stock
ESTA,Establishment Labs Holdings Inc. Common Shares
ESTC,Elastic N.V. Ordinary Shares
ET,Energy Transfer LP Common Units
ETB,Eaton Vance Tax-Managed Buy-Write Income Fund Eaton Vance Tax-Managed Buy-Write Income Fund Common Shares of Beneficial Interest
ETD,Ethan Allen Interiors Inc. Common Stock
ETG,Eaton Vance Tax-Advantaged Global Dividend Income Fund Common Shares of Beneficial Interest
ETJ,Eaton Vance Risk-Managed Diversified Equity Income Fund Common Shares of Beneficial Interest
ETN,Eaton Corporation PLC Ordinary Shares
ETO,Eaton Vance Tax-Advantage Global Dividend Opp Common Stock
ETON,Eton Pharmaceuticals Inc. Common Stock
ETOR,eToro Group Ltd. Class A Common Shares
ETR,Entergy Corporation Common Stock
ETS,Elite Express Holding Inc. Class A Common Stock
ETSS,Energy Transition Special Opportunities Class A Ordinary Shares
ETSY,Etsy Inc. Common Stock
ETV,Eaton Vance Corporation Eaton Vance Tax-Managed Buy-Write Opportunities Fund Common Shares of Beneficial Interest
ETW,Eaton Vance Corporation Eaton Vance Tax-Managed Global Buy-Write Opportunites Fund Common Shares of Beneficial Interest
ETX,Eaton Vance Municipal Income 2028 Term Trust Common Shares of Beneficial Interest
ETY,Eaton Vance Tax-Managed Diversified Equity Income Fund Common Shares of Beneficial Interest
EU,enCore Energy Corp. Common Shares
EUDA,EUDA Health Holdings Limited Ordinary Shares
EVC,Entravision Communications Corporation Common Stock
EVCM,EverCommerce Inc. Common Stock
EVER,EverQuote Inc. Class A Common Stock
EVEX,Eve Holding Inc. Common Stock
EVF,Eaton Vance Senior Income Trust Common Stock
EVG,Eaton Vance Short Diversified Income Fund Eaton Vance Short Duration Diversified Income Fund Common Shares of Beneficial Interest
EVGN,Evogene Ltd Ordinary Shares
EVGO,EVgo Inc. Class A Common Stock
EVH,Evolent Health Inc Class A Common Stock
EVI,EVI Industries Inc.  Common Stock
EVLV,Evolv Technologies Holdings Inc. Class A Common Stock
EVMN,Evommune Inc. Common Stock
EVN,Eaton Vance Municipal Income Trust Common Stock
EVR,Evercore Inc. Class A Common Stock
EVRG,Evergy Inc. Common Stock
EVT,Eaton Vance Tax Advantaged Dividend Income Fund Common Shares of Beneficial Interest
EVTC,Evertec Inc. Common Stock
EVTL,Vertical Aerospace Ltd. Ordinary Shares
EVV,Eaton Vance Limited Duration Income Fund Common Shares of Beneficial Interest
EW,Edwards Lifesciences Corporation Common Stock
EWBC,East West Bancorp Inc. Common Stock
EWTX,Edgewise Therapeutics Inc. Common Stock
EXC,Exelon Corporation Common Stock
EXE,Expand Energy Corporation Common Stock
EXEL,Exelixis Inc. Common Stock
EXFY,Expensify Inc. Class A Common Stock
EXG,Eaton Vance Tax-Managed Global Diversified Equity Income Fund Common Shares of Beneficial Interest
EXK,Endeavour Silver Corporation Ordinary Shares (Canada)
EXLS,ExlService Holdings Inc. Common Stock
EXOD,Exodus Movement Inc. Class A Common Stock
EXOZ,eXoZymes Inc. Common Stock
EXP,Eagle Materials Inc Common Stock
EXPD,Expeditors International of Washington Inc. Common Stock
EXPE,Expedia Group Inc. Common Stock
EXPO,Exponent Inc. Common Stock
EXR,Extra Space Storage Inc Common Stock
EXTR,Extreme Networks Inc. Common Stock
EXYN,Exyn Technologies Inc. Common Stock
EYE,National Vision Holdings Inc. Common Stock
EYPT,EyePoint Inc. Common Stock
EZGO,EZGO Technologies Ltd. Ordinary Shares
EZPW,EZCORP Inc. Class A Non Voting Common Stock
EZRA,Reliance Global Group Inc. Common Stock
F,Ford Motor Company Common Stock
FA,First Advantage Corporation Common Stock
FABC,Fabric.AI Inc. Common Stock
FAC,Factorial Energy Inc. Class A Common Stock
FAF,First American Corporation (New) Common Stock
FAMI,Farmmi Inc. Class A Ordinary Shares
FANG,Diamondback Energy Inc. Common Stock
FAST,Fastenal Company Common Stock
FATE,Fate Therapeutics Inc. Common Stock
FATN,FatPipe Inc. Common Stock
FAX,abrdn Asia-Pacific Income Fund Inc. Common Stock
FBGL,FBS Global Limited Ordinary Shares
FBIN,Fortune Brands Innovations Inc. Common Stock
FBIO,Fortress Biotech Inc. Common Stock
FBIZ,First Business Financial Services Inc. Common Stock
FBK,FB Financial Corporation Common Stock
FBLA,FB Bancorp Inc. Common Stock
FBLG,FibroBiologics Inc. Common Stock
FBNC,First Bancorp Common Stock
FBP,First BanCorp. New Common Stock
FBRT,Franklin BSP Realty Trust Inc. Common Stock
FBRX,Forte Biosciences Inc. Common Stock
FBYD,Falcon's Beyond Global Inc. Class A Common Stock
FBYDW,Falcon's Beyond Global Inc. Warrants
FC,Franklin Covey Company Common Stock
FCAP,First Capital Inc. Common Stock
FCBC,First Community Bankshares Inc. (VA) Common Stock
FCBM,First Carolina Financial Services Inc. Common Stock
FCCO,First Community Corporation Common Stock
FCEL,FuelCell Energy Inc. Common Stock
FCF,First Commonwealth Financial Corporation Common Stock
FCFS,FirstCash Holdings Inc. Common Stock
FCHL,Fitness Champs Holdings Limited Common Stock
FCN,FTI Consulting Inc. Common Stock
FCNCA,First Citizens BancShares Inc. Class A Common Stock
FCPT,Four Corners Property Trust Inc. Common Stock
FCUV,Focus Universal Inc. Common Stock
FCX,Freeport-McMoRan Inc. Common Stock
FDBC,Fidelity D & D Bancorp Inc. Common Stock
FDMT,4D Molecular Therapeutics Inc. Common Stock
FDS,FactSet Research Systems Inc. Common Stock
FDSB,Fifth District Bancorp Inc. Common Stock
FDUS,Fidus Investment Corporation Common Stock
FDX,FedEx Corporation Common Stock
FDXF,FedEx Freight Holding Company Inc. Common Stock
FE,FirstEnergy Corp. Common Stock
FEAM,5E Advanced Materials Inc. Common Stock
FEBO,Fenbo Holdings Limited Class A Ordinary Shares
FEED,ENvue Medical Inc. Common Stock
FEIM,Frequency Electronics Inc. Common Stock
FELE,Franklin Electric Co. Inc. Common Stock
FEMY,Femasys Inc. Common Stock
FENC,Fennec Pharmaceuticals Inc. Common Stock
FER,Ferrovial N.V. Ordinary Shares
FERG,Ferguson Enterprises Inc. Common Stock
FET,Forum Energy Technologies Inc. Common Stock
FF,FutureFuel Corp.  Common shares
FFA,First Trust Enhanced Equity Income Fund Common Shares of Beneficial Interest
FFAI,Faraday Future Intelligent Electric Inc. Class A Common Stock
FFBC,First Financial Bancorp. Common Stock
FFIN,First Financial Bankshares Inc. Common Stock
FFIV,F5 Inc. Common Stock
FG,F&G Annuities & Life Inc. Common Stock
FGBI,First Guaranty Bancshares Inc. Common Stock
FGI,FGI Industries Ltd. Ordinary Shares
FGL,Founder Group Limited Class A Ordinary Shares
FGN,F&G Annuities & Life Inc. 7.950% Senior Notes due 2053
FGNX,FG Nexus Inc. Common Stock
FGSN,F&G Annuities & Life Inc. 7.300% Junior Subordinated Notes due 2065
FHB,First Hawaiian Inc. Common Stock
FHI,Federated Hermes Inc. Common Stock
FHN,First Horizon Corporation Common Stock
FHTX,Foghorn Therapeutics Inc. Common Stock
FIBK,First Interstate BancSystem Inc. Common Stock (DE)
FICO,Fair Isaac Corporation Common Stock
FIEE,FiEE Inc Common Stock
FIG,Figma Inc. Class A Common Stock
FIGR,Figure Technology Solutions Inc. Class A Common Stock
FIGS,FIGS Inc. Class A Common Stock
FINS,Angel Oak Financial Strategies Income Term Trust Common Shares of Beneficial Interest
FINW,FinWise Bancorp Common Stock
FIP,FTAI Infrastructure Inc. Common Stock
FIRY,Firy Inc. Class A Common Stock
FIS,Fidelity National Information Services Inc. Common Stock
FISI,Financial Institutions Inc. Common Stock
FISN,Deep Fission Inc. Common Stock
FISV,Fiserv Inc. Common Stock
FITB,Fifth Third Bancorp Common Stock
FIVE,Five Below Inc. Common Stock
FIVN,Five9 Inc. Common Stock
FIX,Comfort Systems USA Inc. Common Stock
FIZZ,National Beverage Corp. Common Stock
FJET,Starfighters Space Inc. Common Stock
FKWL,Franklin Wireless Corp. Common Stock
FLC,Flaherty & Crumrine Total Return Fund Inc Common Stock
FLD,Fold Holdings Inc. Class A Common Stock
FLEX,Flex Ltd. Ordinary Shares
FLG,Flagstar Bank N.A. Common Stock
FLGT,Fulgent Genetics Inc. Common Stock
FLL,Full House Resorts Inc. Common Stock
FLNA,Filana Therapeutics Inc. Common Stock
FLNC,Fluence Energy Inc. Class A Common Stock
FLNG,FLEX LNG Ltd. Ordinary Shares
FLNT,Fluent Inc. Common Stock
FLO,Flowers Foods Inc. Common Stock
FLOC,Flowco Holdings Inc. Class A Common Stock
FLR,Fluor Corporation Common Stock
FLS,Flowserve Corporation Common Stock
FLUT,Flutter Entertainment plc Ordinary Shares
FLUX,Flux Power Holdings Inc. Common Stock
FLWS,1-800-FLOWERS.COM Inc. Common Stock
FLXS,Flexsteel Industries Inc. Common Stock
FLY,Firefly Aerospace Inc. Common Stock
FLYE,Fly-E Group Inc. Common Stock
FLYW,Flywire Corporation Voting Common Stock
FLYX,flyExclusive Inc. Class A Common Stock
FLZH,Flash Sports & Media Holdings Inc. Common Stock
FMAO,Farmers & Merchants Bancorp Inc. Common Stock
FMBH,First Mid Bancshares Inc. Common Stock
FMC,FMC Corporation Common Stock
FMFC,Kandal M Venture Limited Class A Ordinary Shares
FMN,Federated Hermes Premier Municipal Income Fund
FMNB,Farmers National Banc Corp. Common Stock
FMST,Foremost Clean Energy Ltd. Common Shares
FMX,Fomento Economico Mexicano S.A.B. de C.V. Common Stock
FMY,First Trust Mortgage Income Fund Common Shares of Beneficial Interest
FN,Fabrinet Ordinary Shares
FNB,F.N.B. Corporation Common Stock
FND,Floor & Decor Holdings Inc. Common Stock
FNF,Fidelity National Financial Inc. Common Stock
FNGR,FingerMotion Inc. Common Stock
FNKO,Funko Inc. Class A Common Stock
FNLC,First Bancorp Inc  (ME) Common Stock
FNRN,First Northern Community Bancorp Common stock
FNUC,Frontier Nuclear and Minerals Inc. Common Shares
FNV,Franco-Nevada Corporation
FNWB,First Northwest Bancorp Common Stock
FNWD,Finward Bancorp Common Stock
FOA,Finance of America Companies Inc. Class A Common Stock
FOF,Cohen & Steers Closed-End Opportunity Fund Inc. Common Stock
FOFO,Hang Feng Technology Innovation Co. Ltd. Ordinary Shares
FOR,Forestar Group Inc Common Stock
FORM,FormFactor Inc. FormFactor Inc. Common Stock
FORR,Forrester Research Inc. Common Stock
FOSL,Fossil Group Inc. Common Stock
FOUR,Shift4 Payments Inc. Class A Common Stock
FOX,Fox Corporation Class B Common Stock
FOXA,Fox Corporation Class A Common Stock
FOXF,Fox Factory Holding Corp. Common Stock
FOXX,Foxx Development Holdings Inc. Common Stock
FPH,Five Point Holdings LLC Class A Common Shares
FPI,Farmland Partners Inc. Common Stock
FPS,Forgent Power Solutions Inc. Class A Common Stock
FR,First Industrial Realty Trust Inc. Common Stock
FRA,Blackrock Floating Rate Income Strategies Fund Inc  Common Stock
FRAF,Franklin Financial Services Corporation Common Stock
FRBA,First Bank Common Stock
FRBT,Forbright Inc. Class A Common Stock
FRD,Friedman Industries Inc. Common Stock
FRGT,Freight Technologies Inc. Ordinary Shares
FRHC,Freedom Holding Corp. Common Stock
FRME,First Merchants Corporation Common Stock
FRMEP,First Merchants Corporation Depository Shares
FRMI,Fermi Inc. Common Stock
FRMM,Forum Markets Incorporated Common Stock
FRNM,Freenome Inc. Common stock
FRO,Frontline Plc Ordinary Shares
FROG,JFrog Ltd. Ordinary Shares
FRPH,FRP Holdings Inc. Common Stock
FRPT,Freshpet Inc. Common Stock
FRSH,Freshworks Inc. Class A Common Stock
FRST,Primis Financial Corp. Common Stock
FRT,Federal Realty Investment Trust Common Stock
FRTT,Fort Technology Inc. Common Shares
FRVO,Fervo Energy Company Class A common stock
FSBC,Five Star Bancorp Common Stock
FSBW,FS Bancorp Inc. Common Stock
FSCO,FS Credit Opportunities Corp. Common Stock
FSEA,First Seacoast Bancorp Inc. Common Stock
FSI,Flexible Solutions International Inc. Common Stock (CDA)
FSK,FS KKR Capital Corp. Common Stock
FSLR,First Solar Inc. Common Stock
FSLY,Fastly Inc. Class A Common Stock
FSM,Fortuna Mining Corp. Common Shares
FSP,Franklin Street Properties Corp. Common Stock
FSS,Federal Signal Corporation Common Stock
FSSL,FS Specialty Lending Fund Common Shares of Beneficial Interest
FSTR,L.B. Foster Company Common Stock
FSUN,FirstSun Capital Bancorp Common Stock
FSV,FirstService Corporation Common Shares
FT,Franklin Universal Trust Common Stock
FTAI,FTAI Aviation Ltd. Common Stock
FTCI,FTC Solar Inc. Common Stock
FTDR,Frontdoor Inc. Common Stock
FTEK,Fuel Tech Inc. Common Stock
FTF,Franklin Limited Duration Income Trust Common Shares of Beneficial Interest
FTFT,Future FinTech Group Inc. Common Stock
FTH,Faeth Therapeutics Inc. Common Stock
FTHM,Fathom Holdings Inc. Common Stock
FTHY,First Trust High Yield Opportunities 2027 Term Fund Common Stock
FTI,TechnipFMC plc Ordinary Share
FTK,Flotek Industries Inc. Common Stock
FTLF,FitLife Brands Inc. Common Stock
FTNT,Fortinet Inc. Common Stock
FTRE,Fortrea Holdings Inc. Common Stock
FTS,Fortis Inc. Common Shares
FTV,Fortive Corporation Common Stock
FTW,Presidio Production Company Class A Common Stock
FUBO,FuboTV Inc. Class A Common Stock
FUFU,BitFuFu Inc. Class A Ordinary Shares
FUL,H. B. Fuller Company Common Stock
FULC,Fulcrum Therapeutics Inc. Common Stock
FULT,Fulton Financial Corporation Common Stock
FUN,Six Flags Entertainment Corporation Common Stock New
FUNC,First United Corporation Common Stock
FUND,Sprott Focus Trust Inc. Common Stock
FURY,Fury Gold Mines Limited Common Shares
FUSB,First US Bancshares Inc. Common Stock
FUSE,Fusemachines Inc. Common stock
FUSEW,Fusemachines Inc. Warrants
FVCB,FVCBankcorp Inc. Common Stock
FVR,FrontView REIT Inc. Common Stock
FVRR,Fiverr International Ltd. Ordinary Shares no par value
FWDI,Forward Industries Inc. Common Stock
FWONA,Liberty Media Corporation Series A Liberty Formula One Common Stock
FWONK,Liberty Media Corporation Series C Liberty Formula One Common Stock
FWRD,Forward Air Corporation Common Stock
FWRG,First Watch Restaurant Group Inc. Common Stock
FXHO,UTime Limited Class A Ordinary Shares
FXNC,First National Corporation Common Stock
G,Genpact Limited Common Stock
GAB,Gabelli Equity Trust Inc. (The) Common Stock
GABC,German American Bancorp Inc. Common Stock
GAIA,Gaia Inc. Class A Common Stock
GAIN,Gladstone Investment Corporation Business Development Company
GAING,Gladstone Investment Corporation 7.125% Notes due 2031
GAINI,Gladstone Investment Corporation 7.875% Notes due 2030
GAINZ,Gladstone Investment Corporation 4.875% Notes due 2028
GALT,Galectin Therapeutics Inc. Common Stock
GAM,General American Investors Inc. Common Stock
GAME,GameSquare Holdings Inc. Common Stock
GANX,Gain Therapeutics Inc. Common Stock
GAP,Gap Inc. (The) Common Stock
GASS,StealthGas Inc. Common Stock
GATX,GATX Corporation Common Stock
GAU,Galiano Gold Inc.
GAUZ,Gauzy Ltd. Ordinary Shares
GBAB,Guggenheim Taxable Municipal Bond & Investment Grade Debt Trust Common Shares of Beneficial Interest
GBCI,Glacier Bancorp Inc. Common Stock
GBDC,Golub Capital BDC Inc. Common Stock
GBFH,GBank Financial Holdings Inc. Common Stock
GBLI,Global Indemnity Group LLC Class A Common Stock
GBR,New Concept Energy Inc Common Stock
GBTG,Global Business Travel Group Inc. Class A Common Stock
GBX,Greenbrier Companies Inc. (The) Common Stock
GCBC,Greene County Bancorp Inc. Common Stock
GCDT,Green Circle Decarbonize Technology Limited Class A Ordinary Shares
GCGR,General Catalyst Global Resilience Merger Corp. Class A Ordinary Shares
GCGRU,General Catalyst Global Resilience Merger Corp. Units
GCGRW,General Catalyst Global Resilience Merger Corp. Warrants
GCL,GCL Global Holdings Ltd Ordinary Shares
GCLWW,GCL Global Holdings Ltd Warrants
GCMG,GCM Grosvenor Inc. Class A Common Stock
GCO,Genesco Inc. Common Stock
GCT,GigaCloud Technology Inc Class A Ordinary Shares
GCTK,GlucoTrack Inc. Common Stock
GCTS,GCT Semiconductor Holding Inc. Common Stock
GCV,Gabelli Convertible and Income Securities Fund Inc. (The) Common Stock
GD,General Dynamics Corporation Common Stock
GDC,GD Culture Group Limited Common Stock
GDDY,GoDaddy Inc. Class A Common Stock
GDEV,GDEV Inc. Ordinary Shares
GDHG,Golden Heaven Group Holdings Ltd. Class A Ordinary Shares
GDL,GDL Fund The Common Shares of Beneficial Interest
GDO,Western Asset Global Corporate Opportunity Fund Inc. Common Stock
GDOT,Green Dot Corporation Class A Common Stock $0.001 par value
GDRX,GoodRx Holdings Inc. Class A Common Stock
GDS,GDS Holdings Limited ADS
GDTC,CytoMed Therapeutics Limited Ordinary Shares
GDV,Gabelli Dividend & Income Trust Common Shares of Beneficial Interest
GDYN,Grid Dynamics Holdings Inc. Class A Common Stock
GE,GE Aerospace Common Stock
GECC,Great Elm Capital Corp. Common Stock
GECCG,Great Elm Capital Corp. 7.75% Notes Due 2030
GECCH,Great Elm Capital Corp. 8.125% Notes Due 2029
GECCI,Great Elm Capital Corp. 8.50% NOTES DUE 2029
GEF,Greif Inc. Class A Common Stock
GEG,Great Elm Group Inc. Common Stock
GEGGL,Great Elm Group Inc.  7.25% Notes due 2027
GEHC,GE HealthCare Technologies Inc. Common Stock
GEL,Genesis Energy L.P. Common Units
GELS,Gelteq Limited Ordinary Shares
GEMI,Gemini Space Station Inc. Class A Common Stock
GEN,Gen Digital Inc. Common Stock
GENB,Generate Biomedicines Inc. Common Stock
GENC,Gencor Industries Inc. Common Stock
GENI,Genius Sports Limited Ordinary Shares
GENK,GEN Restaurant Group Inc. Class A Common Stock
GENVR,Gen Digital Inc. Contingent Value Rights
GEO,Geo Group Inc (The) REIT
GEOS,Geospace Technologies Corporation Common Stock (Texas)
GERN,Geron Corporation Common Stock
GETY,Getty Images Holdings Inc. Class A Common Stock
GEV,GE Vernova Inc. Common Stock
GEVO,Gevo Inc. Common Stock
GF,New Germany Fund Inc. (The) Common Stock
GFAI,Guardforce AI Co. Limited Ordinary Shares
GFF,Griffon Corporation Common Stock
GFL,GFL Environmental Inc. Subordinate voting shares no par value
GFR,Greenfire Resources Ltd. Common Shares
GFS,GlobalFoundries Inc. Ordinary Shares
GFUZ,General Fusion Group Ltd. Common Shares
GGB,Gerdau S.A. Common Stock
GGG,Graco Inc. Common Stock
GGN,GAMCO Global Gold Natural Resources & Income Trust
GGR,Gogoro Inc. Ordinary Shares
GGRP,The Glimpse Group Inc. Common Stock
GGT,Gabelli Multi-Media Trust Inc. (The) Common Stock
GGZ,Gabelli Global Small and Mid Cap Value Trust (The) Common Shares of Beneficial Interest
GH,Guardant Health Inc. Common Stock
GHC,Graham Holdings Company Common Stock
GHM,Graham Corporation Common Stock
GHRS,GH Research PLC Ordinary Shares
GHXI,Gores Holdings XI Inc. Class A Ordinary Shares
GHXIU,Gores Holdings XI Inc. Units
GHY,PGIM Global High Yield Fund Inc.
GIB,CGI Inc. Common Stock
GIBO,GIBO Holdings Limited Class A Ordinary Shares
GIC,Global Industrial Company Common Stock
GIFT,Giftify Inc. Common Stock
GIGM,GigaMedia Limited Ordinary Shares
GIII,G-III Apparel Group LTD. Common Stock
GIL,Gildan Activewear Inc. Class A Sub. Vot. Common Stock
GILD,Gilead Sciences Inc. Common Stock
GILT,Gilat Satellite Networks Ltd. Ordinary Shares
GIPR,Generation Income Properties Inc. Common Stock
GIS,General Mills Inc. Common Stock
GITS,Global Interactive Technologies Inc. Common Stock
GIW,GigCapital8 Corp. Class A Ordinary Shares
GIWWR,GigCapital8 Corp. Rights
GIX,GigCapital9 Corp. Class A Ordinary Share
GIXXR,GigCapital9 Corp. Rights
GJH,Synthetic Fixed-Income Securities Inc 6.375% (STRATS) Cl A-1
GJO,Synthetic Fixed-Income Securities Inc. on behalf of STRATS(SM) Trust for Wal-Mart Stores Inc. Securities Series 2004-5
GJP,Synthetic Fixed-Income Securities Inc. on behalf of STRATS (SM) Trust for Dominion Resources Inc. Securities Series 2005-6 Floating Rate Structured Repackaged Asset-Backed Trust Securities (STRATS) Certificates
GJR,Synthetic Fixed-Income Securities Inc. STRATS Trust for Procter&Gamble Securities Series 2006-1
GJS,Goldman Sachs Group Securities STRATS Trust for Goldman Sachs Group Securities Series 2006-2
GJT,Synthetic Fixed-Income Securities Inc. Floating Rate Structured Repackaged Asset-Backed Trust Securities Certificates Series 2006-3
GKOS,Glaukos Corporation Common Stock
GL,Globe Life Inc. Common Stock
GLAD,Gladstone Capital Corporation Common Stock
GLAS,Glass House Brands Inc. Subordinate Voting Shares
GLBE,Global-E Online Ltd. Ordinary Shares
GLBS,Globus Maritime Limited Common Stock
GLDG,GoldMining Inc. Common Shares
GLE,Global Engine Group Holding Limited Class A Ordinary Shares
GLIBA,Liberty Capital Corporation Series A GCI Group Common Stock
GLIBK,Liberty Capital Corporation Series C GCI Group Common Stock
GLMD,Galmed Pharmaceuticals Ltd. Ordinary Shares
GLND,Greenland Energy Company Common Stock
GLNG,Golar Lng Ltd
GLO,Clough Global Opportunities Fund Common Stock
GLOB,Globant S.A. Common Shares
GLOO,Gloo Holdings Inc. Class A Common Stock
GLP,Global Partners LP Common Units representing Limited Partner Interests
GLPI,Gaming and Leisure Properties Inc. Common Stock
GLQ,Clough Global Equity Fund Clough Global Equity Fund Common Shares of Beneficial Interest
GLRE,Greenlight Capital Re Ltd. Class A Ordinary Shares
GLSI,Greenwich LifeSciences Inc. Common Stock
GLU,Gabelli Global Utility Common Shares of Beneficial Ownership
GLUE,Monte Rosa Therapeutics Inc. Common Stock
GLV,Clough Global Dividend and Income Fund Common Shares of beneficial interest
GLW,Corning Incorporated Common Stock
GLXG,Galaxy Payroll Group Limited Class A Ordinary Shares
GLXY,Galaxy Digital Inc. Class A Common Stock
GM,General Motors Company Common Stock
GMAB,Genmab A/S ADS
GME,GameStop Corporation Common Stock
GMED,Globus Medical Inc. Class A Common Stock
GMEX,GMEX ROBOTICS CORPORATION Class A Ordinary Shares
GMHS,Gamehaus Holdings Inc. Class A Ordinary Shares
GMM,Global Mofy AI Limited Class A Ordinary Shares
GMRS,GMR Solutions Inc. Class A Common Stock
GMTL,Guardian Metal Resources PLC ADS
GNE,Genie Energy Ltd. Class B Common Stock Stock
GNK,Genco Shipping & Trading Limited Ordinary Shares New (Marshall Islands)
GNL,Global Net Lease Inc. Common Stock
GNLN,Greenlane Holdings Inc. Class A Common Stock
GNLX,Genelux Corporation Common Stock
GNPX,Genprex Inc. Common Stock
GNRC,Generac Holdlings Inc. Common Stock
GNS,Genius Group Limited Ordinary Shares
GNSS,Genasys Inc. Common Stock
GNT,GAMCO Natural Resources Gold & Income Trust
GNTX,Gentex Corporation Common Stock
GNW,Genworth Financial Inc Common Stock
GO,Grocery Outlet Holding Corp. Common Stock
GOAI,Eva Live Inc. Common Stock
GOF,Guggenheim Strategic Opportunities Fund Common Shares of Beneficial Interest
GOGO,Gogo Inc. Common Stock
GOLD,Gold.com Inc. Common Stock
GOLF,Acushnet Holdings Corp. Common Stock
GOOD,Gladstone Commercial Corporation Real Estate Investment Trust
GOOG,Alphabet Inc. Class C Capital Stock
GOOGL,Alphabet Inc. Class A Common Stock
GOOS,Canada Goose Holdings Inc. Subordinate Voting Shares
GORO,Goldgroup Mining Inc. Common Shares
GOSS,Gossamer Bio Inc. Common Stock
GOVX,GeoVax Labs Inc. Common Stock
GP,GreenPower Motor Company Inc. Common Shares
GPC,Genuine Parts Company Common Stock
GPGI,GPGI Inc. Class A Common Stock
GPI,Group 1 Automotive Inc. Common Stock
GPJA,Georgia Power Company Series 2017A 5.00% Junior Subordinated Notes due October 1 2077
GPK,Graphic Packaging Holding Company
GPMT,Granite Point Mortgage Trust Inc. Common Stock
GPN,Global Payments Inc. Common Stock
GPOR,Gulfport Energy Corporation Common Shares
GPRE,Green Plains Inc. Common Stock
GPRK,Geopark Ltd Common Shares
GPRO,GoPro Inc. Class A Common Stock
GRAB,Grab Holdings Limited Class A Ordinary Shares
GRAL,GRAIL Inc. Common Stock
GRAN,Grande Group Limited Class A Ordinary Shares
GRBK,Green Brick Partners Inc. Common Stock
GRC,Gorman-Rupp Company (The) Common Stock
GRCE,Grace Therapeutics Inc. Common Stock
GRDN,Guardian Pharmacy Services Inc. Class A Common Stock
GRDX,GridAI Technologies Corp. Common Stock
GREEL,Vulcan Infrastructure and Power Inc. 8.50% Senior Notes due 2026
GRF,Eagle Capital Growth Fund Inc. Common Stock
GRI,GRI Bio Inc. Common Stock
GRML,Greenland Mines Ltd. Common Stock
GRMN,Garmin Ltd. Common Stock (Switzerland)
GRND,Grindr Inc. Common Stock
GRNQ,Greenpro Capital Corp. Common Stock
GRNT,Granite Ridge Resources Inc. Common Stock
GRO,Brazil Potash Corp. Common Shares
GROV,Grove Collaborative Holdings Inc. Class A Common Stock
GROW,U.S. Global Investors Inc. Class A Common Stock
GROY,Gold Royalty Corp. Common Shares
GRPN,Groupon Inc. Common Stock
GRRR,Gorilla Technology Group Inc. Ordinary shares
GRSD,Grandstand Limited Ordinary Shares
GRVY,GRAVITY Co. Ltd. American Depository Shares
GRWG,GrowGeneration Corp. Common Stock
GRX,The Gabelli Healthcare & Wellness Trust Common Shares of Beneficial Interest
GS,Goldman Sachs Group Inc. (The) Common Stock
GSAT,Globalstar Inc. Common Stock
GSBC,Great Southern Bancorp Inc. Common Stock
GSBD,Goldman Sachs BDC Inc. Common Stock
GSHD,Goosehead Insurance Inc. Class A Common Stock
GSIT,GSI Technology Common Stock
GSIW,Garden Stage Limited Class A Ordinary Shares
GSL,Global Ship Lease Inc New Class A Common Shares
GSM,Ferroglobe PLC Ordinary Shares
GSUN,Golden Sun Technology Group Limited Class A Ordinary Shares
GT,The Goodyear Tire & Rubber Company Common Stock
GTBP,GT Biopharma Inc. Common Stock
GTE,Gran Tierra Energy Inc. Common Stock
GTEC,Greenland Technologies Holding Corporation Class A Ordinary Shares
GTEN,Gores Holdings X Inc. Class A ordinary shares
GTENU,Gores Holdings X Inc. Units
GTENW,Gores Holdings X Inc. Warrants
GTES,Gates Industrial Corporation Ltd. Common Shares
GTIM,Good Times Restaurants Inc. Common Stock
GTLB,GitLab Inc. Class A Common Stock
GTM,ZoomInfo Technologies Inc Common Stock
GTN,Gray Media Inc. Common Stock
GTX,Garrett Motion Inc. Common Stock
GTY,Getty Realty Corporation Common Stock
GUG,Guggenheim Active Allocation Fund Common Shares of Beneficial Interest
GURE,Gulf Resources Inc. (NV) Common Stock
GUT,Gabelli Utility Trust (The) Common Stock
GUTS,Fractyl Health Inc. Common Stock
GVA,Granite Construction Incorporated Common Stock
GVH,Globavend Holdings Limited Ordinary Shares
GWAV,Greenwave Technology Solutions Inc. Common Stock
GWH,ESS Tech Inc. Common Stock
GWRE,Guidewire Software Inc. Common Stock
GWRS,Global Water Resources Inc. Common Stock
GWW,W.W. Grainger Inc. Common Stock
GXAI,Gaxos.ai Inc. Common Stock
GXO,GXO Logistics Inc. Common Stock
GYGY,Game Your Game Inc. Common Stock
GYRE,Gyre Therapeutics Inc. Common Stock
GYRO,Gyrodyne LLC Common Stock
H,Hyatt Hotels Corporation Class A Common Stock
HAE,Haemonetics Corporation Common Stock
HAFC,Hanmi Financial Corporation Common Stock
HAFN,Hafnia Limited Common Shares
HAIN,Hain Celestial Group Inc. (The) Common Stock
HAL,Halliburton Company Common Stock
HALO,Halozyme Therapeutics Inc. Common Stock
HAO,Haoxi Health Technology Limited Class A Ordinary Shares
HAPN,Happen Inc. Common Stock
HAS,Hasbro Inc. Common Stock
HASI,HA Sustainable Infrastructure Capital Inc. Common Stock
HAWK,HawkEye 360 Inc. Common Stock
HAYW,Hayward Holdings Inc. Common Stock
HBAN,Huntington Bancshares Incorporated Common Stock
HBB,Hamilton Beach Brands Holding Company Class A Common Stock
HBCP,Home Bancorp Inc. Common Stock
HBIO,Harvard Bioscience Inc. Common Stock
HBM,Hudbay Minerals Inc. Ordinary Shares (Canada)
HBNB,Hotel101 Global Holdings Corp. Class A Ordinary Shares
HBNC,Horizon Bancorp Inc. Common Stock
HBT,HBT Financial Inc. Common Stock
HCA,HCA Healthcare Inc. Common Stock
HCAI,Huachen AI Parking Management Technology Holding Co. Ltd. Class A Ordinary Shares
HCAT,Health Catalyst Inc Common Stock
HCC,Warrior Met Coal Inc. Common Stock
HCI,HCI Group Inc. Common Stock
HCIC,Hennessy Capital Investment Corp. VIII Class A Ordinary Shares
HCICR,Hennessy Capital Investment Corp. VIII Share Rights
HCKT,Hackett Group Inc (The). Common Stock
HCSG,Healthcare Services Group Inc. Common Stock
HCTI,Healthcare Triangle Inc. Common Stock
HCWB,HCW Biologics Inc. Common Stock
HCWC,Healthy Choice Wellness Corp. Class A Common Stock
HCXY,Hercules Capital Inc. 6.25% Notes due 2033
HD,Home Depot Inc. (The) Common Stock
HDB,HDFC Bank Limited Common Stock
HDRN,Hadron Energy Inc. Common Stock
HDSN,Hudson Technologies Inc. Common Stock
HE,Hawaiian Electric Industries Inc. Common Stock
HEI,Heico Corporation Common Stock
HELE,Helen of Troy Limited Common Stock
HELP,Cybin Inc. Common Stock
HEQ,John Hancock Diversified Income Fund Common Shares of Beneficial Interest
HERZ,Herzfeld Credit Income Fund Inc. Common Stock
HESM,Hess Midstream LP Class A Representing Limited Partner Interests
HFBL,Home Federal Bancorp Inc. of Louisiana Common Stock
HFFG,HF Foods Group Inc. Common Stock
HFRO,Highland Opportunities and Income Fund Common Shares of Beneficial Interest
HFWA,Heritage Financial Corporation Common Stock
HG,Hamilton Insurance Group Ltd. Class B Common Shares
HGBL,Heritage Global Inc. Common Stock
HGLB,Highland Global Allocation Fund Common Stock
HGTY,Hagerty Inc. Class A Common Stock
HGV,Hilton Grand Vacations Inc. Common Stock
HHH,Howard Hughes Holdings Inc. Common Stock
HHS,Harte Hanks Inc. Common Stock
HIFS,Hingham Institution for Savings Common Stock
HIG,The Hartford Insurance Group Inc. Common Stock
HIHO,Highway Holdings Limited Common Stock
HII,Huntington Ingalls Industries Inc. Common Stock
HIMS,Hims & Hers Health Inc. Class A Common Stock
HIND,Vyome Holdings Inc. Common Stock
HIO,Western Asset High Income Opportunity Fund Inc. Common Stock
HIPO,Hippo Holdings Inc. Common Stock
HIT,Health In Tech Inc. Class A Common Stock
HITI,High Tide Inc. Common Shares
HIVE,HIVE Digital Technologies Ltd. Common Shares
HIW,Highwoods Properties Inc. Common Stock
HIX,Western Asset High Income Fund II Inc. Common Stock
HKIT,Hitek Global Inc. Class A Ordinary Share
HKPD,Cellyan Biotechnology Co. Ltd Class A Ordinary Shares
HL,Hecla Mining Company Common Stock
HLF,Herbalife Ltd. Common Shares
HLI,Houlihan Lokey Inc. Class A Common Stock
HLIO,Helios Technologies Inc. Common Stock
HLIT,Harmonic Inc. Common Stock
HLLY,Holley Inc. Common Stock
HLMN,Hillman Solutions Corp. Common Stock
HLNE,Hamilton Lane Incorporated Class A Common Stock
HLP,Hongli Group Inc. Class A Ordinary Shares
HLT,Hilton Worldwide Holdings Inc. Common Stock
HLX,Helix Energy Solutions Group Inc. Common Stock
HMC,Honda Motor Company Ltd. Common Stock
HMH,HMH Holding Inc. Class A Common Stock
HMN,Horace Mann Educators Corporation Common Stock
HMR,Heidmar Maritime Holdings Corp. Common Stock
HMY,Harmony Gold Mining Company Limited
HNGE,Hinge Health Inc. Class A Common Stock
HNI,HNI Corporation Common Stock
HNNA,Hennessy Advisors Inc. Common Stock
HNRG,Hallador Energy Company Common Stock
HNST,The Honest Company Inc. Common Stock
HNVR,Hanover Bancorp Inc. Common Stock
HODO,House of Doge Inc. Common Stock
HOFT,Hooker Furnishings Corporation Common Stock
HOG,Harley-Davidson Inc. Common Stock
HOLO,MicroCloud Hologram Inc. Ordinary Shares
HOMB,Home BancShares Inc. Common Stock
HON,Honeywell International Inc. Common Stock
HONA,Honeywell Aerospace Inc. Common Stock
HOOD,Robinhood Markets Inc. Class A Common Stock
HOPE,Hope Bancorp Inc. Common Stock
HOUR,Hour Loop Inc. Common Stock
HOV,Hovnanian Enterprises Inc. Class A Common Stock
HOVNP,Hovnanian Enterprises Inc Dep Shr Srs A Pfd
HOVR,New Horizon Aircraft Ltd. Class A Ordinary Share
HOWL,Werewolf Therapeutics Inc. Common Stock
HP,Helmerich & Payne Inc. Common Stock
HPAI,Helport AI Limited Ordinary Shares
HPAIW,Helport AI Limited Warrants
HPE,Hewlett Packard Enterprise Company Common Stock
HPF,John Hancock Pfd Income Fund II Pfd Income Fund II
HPK,HighPeak Energy Inc. Common Stock
HPP,Hudson Pacific Properties Inc. Common Stock
HPQ,HP Inc. Common Stock
HQ,Horizon Quantum Holdings Ltd. Class A Ordinary Shares
HQH,abrdn Healthcare Investors Shares of Beneficial Interest
HQI,HireQuest Inc. Common Stock (DE)
HQL,abrdn Life Sciences Investors Shares of Beneficial Interest
HQY,HealthEquity Inc. Common Stock
HR,Healthcare Realty Trust Incorporated Common Stock
HRB,H&R Block Inc. Common Stock
HRI,Herc Holdings Inc. Common Stock
HRL,Hormel Foods Corporation Common Stock
HRMY,Harmony Biosciences Holdings Inc. Common Stock
HROW,Harrow Inc. Common Stock
HRTG,Heritage Insurance Holdings Inc. Common Stock
HRTX,Heron Therapeutics Inc. Common Stock
HRZN,Horizon Technology Finance Corporation Common Stock
HSBC,HSBC Holdings plc. Common Stock
HSCS,HeartSciences Inc. Common Stock
HSDT,Solana Company Class A Common Stock (DE)
HSHP,Himalaya Shipping Ltd. Common Shares
HSIC,Henry Schein Inc. Common Stock
HSLV,Highlander Silver Corp. Common Shares
HST,Host Hotels & Resorts Inc. Common Stock
HSTM,HealthStream Inc. Common Stock
HSY,The Hershey Company Common Stock
HTB,HomeTrust Bancshares Inc. Common Stock
HTCO,High-Trend International Group Class A Ordinary Shares
HTCR,Heartcore Enterprises Inc. Common Stock
HTD,John Hancock Tax Advantaged Dividend Income Fund Common Shares of Beneficial Interest
HTFC,Horizon Technology Finance Corporation 6.25% Notes due 2027
HTFL,Heartflow Inc. Common Stock
HTGC,Hercules Capital Inc. Common Stock
HTH,Hilltop Holdings Inc.
HTLD,Heartland Express Inc. Common Stock
HTLM,HomesToLife Ltd Ordinary Shares
HTO,H2O America Common Stock
HTOO,Fusion Fuel Green PLC Class A Ordinary Shares
HTZ,Hertz Global Holdings Inc Common Stock
HUBB,Hubbell Inc Common Stock
HUBC,Hub Cyber Security Ltd. Ordinary Shares
HUBG,Hub Group Inc. Class A Common Stock
HUBS,HubSpot Inc. Common Stock
HUDI,Huadi International Group Co. Ltd. Ordinary Shares
HUHU,HUHUTECH International Group Inc. Ordinary Shares
HUM,Humana Inc. Common Stock
HUMA,Humacyte Inc. Common Stock
HUN,Huntsman Corporation Common Stock
HURA,TuHURA Biosciences Inc. Common Stock
HURC,Hurco Companies Inc. Common Stock
HURN,Huron Consulting Group Inc. Common Stock
HUT,Hut 8 Corp. Common Stock
HVII,Hennessy Capital Investment Corp. VII Ordinary Shares
HVIIR,Hennessy Capital Investment Corp. VII Rights
HVMC,Highview Merger Corp. Class A Ordinary Share
HVMCU,Highview Merger Corp. Units
HVMCW,Highview Merger Corp. Warrants
HVT,Haverty Furniture Companies Inc. Common Stock
HWBK,Hawthorn Bancshares Inc. Common Stock
HWC,Hancock Whitney Corporation Common Stock
HWCPZ,Hancock Whitney Corporation 6.25% Subordinated Notes due 2060
HWH,HWH International Inc. Common Stock
HWKN,Hawkins Inc. Common Stock
HWM,Howmet Aerospace Inc. Common Stock
HXHX,Haoxin Holdings Limited Class A Ordinary Shares
HXL,Hexcel Corporation Common Stock
HY,Hyster-Yale Inc. Class A common stock
HYFM,Hydrofarm Holdings Group Inc. Common Stock
HYFT,MindWalk Holdings Corp. Common Stock
HYI,Western Asset High Yield Opportunity Fund Inc. Common Stock
HYLN,Hyliion Holdings Corp. Class A Common Stock
HYMC,Hycroft Mining Holding Corporation Class A Common Stock
HYNE,Hoyne Bancorp Inc. Common Stock
HYPD,Hyperion DeFi Inc. Common Stock
HYPR,Hyperfine Inc. Class A Common Stock
HYT,Blackrock Corporate High Yield Fund Inc. Common Stock
HZO,MarineMax Inc.  (FL) Common Stock
IA,Innovative Solutions and Support Inc. Common Stock
IAE,Voya Asia Pacific High Dividend Equity Income Fund ING Asia Pacific High Dividend Equity Income Fund Common Shares of Beneficial Interest
IAF,abrdn Australia Equity Fund Inc. Common Stock
IAG,Iamgold Corporation Ordinary Shares
IART,Integra LifeSciences Holdings Corporation Common Stock
IAUX,i-80 Gold Corp. Common Shares
IBCP,Independent Bank Corporation Common Stock
IBEX,IBEX Limited Common Shares
IBG,Innovation Beverage Group Limited Ordinary Shares
IBIO,iBio Inc. Common Stock
IBKR,Interactive Brokers Group Inc. Class A Common Stock
IBM,International Business Machines Corporation Common Stock
IBN,ICICI Bank Limited Common Stock
IBO,Impact BioMedical Inc. Common Stock
IBOC,International Bancshares Corporation Common Stock
IBP,Installed Building Products Inc. Common Stock
IBRX,ImmunityBio Inc. Common Stock
IBTA,Ibotta Inc. Class A Common Stock
ICCC,ImmuCell Corporation Common Stock
ICCM,IceCure Medical Ltd. Ordinary Shares
ICE,Intercontinental Exchange Inc. Common Stock
ICFI,ICF International Inc. Common Stock
ICHR,Ichor Holdings Ordinary Shares
ICL,ICL Group Ltd. Ordinary Shares
ICLR,ICON plc Ordinary Shares
ICMB,Investcorp Credit Management BDC Inc. Common Stock
ICON,Icon Energy Corp. Common stock
ICU,SeaStar Medical Holding Corporation Common Stock
ICUI,ICU Medical Inc. Common Stock
IDA,IDACORP Inc. Common Stock
IDAI,T Stamp Inc. Class A Common Stock
IDCC,InterDigital Inc. Common Stock
IDE,Voya Infrastructure Industrials and Materials Fund Common Shares of Beneficial Interest
IDN,Intellicheck Inc. Common Stock
IDR,Idaho Strategic Resources Inc. Common Stock
IDT,IDT Corporation Class B Common Stock
IDXX,IDEXX Laboratories Inc. Common Stock
IDYA,IDEAYA Biosciences Inc. Common Stock
IE,Ivanhoe Electric Inc. Common Stock
IEP,Icahn Enterprises L.P. Common Stock
IESC,IES Holdings Inc. Common Stock
IEX,IDEX Corporation Common Stock
IFBD,Infobird Co. Ltd Ordinary Shares
IFF,International Flavors & Fragrances Inc. Common Stock
IFN,Aberdeen India Fund Inc. Common Stock
IFRX,InflaRx N.V. Common Stock
IFS,Intercorp Financial Services Inc. Common Shares
IGA,Voya Global Advantage and Premium Opportunity Fund Common Shares of Beneficial Interest
IGC,IGC Pharma Inc. Common Stock
IGD,Voya Global Equity Dividend and Premium Opportunity Fund
IGI,Western Asset Investment Grade Opportunity Trust Inc. Common Stock
IGIC,International General Insurance Holdings Ltd. Ordinary Share
IGR,CBRE Global Real Estate Income Fund Common Shares of Beneficial Interest
IHD,Voya Emerging Markets High Income Dividend Equity Fund Common Shares
IHRT,iHeartMedia Inc. Class A Common Stock
IHS,IHS Holding Limited Ordinary Shares
IHT,InnSuites Hospitality Trust Shares of Beneficial Interest
IIF,Morgan Stanley India Investment Fund Inc. Common Stock
III,Information Services Group Inc. Common Stock
IIIN,Insteel Industries Inc. Common Stock
IIIV,i3 Verticals Inc. Class A Common Stock
IIM,Invesco Value Municipal Income Trust Common Stock
IIPR,Innovative Industrial Properties Inc. Common Stock
IKT,Inhibikase Therapeutics Inc. Common Stock
ILAG,Intelligent Living Application Group Inc. Ordinary Shares
ILLR,Triller Group Inc. Common Stock
ILMN,Illumina Inc. Common Stock
ILPT,Industrial Logistics Properties Trust Common Shares of Beneficial Interest
IMA,ImageneBio Inc. Common Stock
IMAX,Imax Corporation Common Stock
IMC,IMC Rare Earths Ltd Ordinary Shares
IMCC,IM Cannabis Corp. Common Shares
IMDX,Insight Molecular Diagnostics Inc. Common Stock
IMKTA,Ingles Markets Incorporated Class A Common Stock
IMMR,Immersion Corporation Common Stock
IMMX,Immix Biopharma Inc. Common Stock
IMNM,Immunome Inc. Common Stock
IMNN,Imunon Inc. Common Stock
IMO,Imperial Oil Limited Common Stock
IMPP,Imperial Petroleum Inc. Common Shares
IMRX,Immuneering Corporation Class A Common Stock
IMSR,Terrestrial Energy Inc. Common Stock
IMTE,Integrated Media Technology Limited Ordinary Shares
IMTX,Immatics N.V. Ordinary Shares
IMUX,Immunic Inc. Common Stock
IMVT,Immunovant Inc. Common Stock
IMXI,International Money Express Inc. Common Stock
INAB,IN8bio Inc. Common Stock
INBK,First Internet Bancorp Common Stock
INBKZ,First Internet Bancorp 6.0% Fixed-to-Floating Rate Subordinated Notes Due 2029
INBS,Intelligent Bio Solutions Inc. Common Stock
INBX,Inhibrx Biosciences Inc. Common Stock
INCR,Intercure Ltd. Ordinary Shares
INCY,Incyte Corp. Common Stock
INDB,Independent Bank Corp. Common Stock
INDI,indie Semiconductor Inc. Class A Common Stock
INDO,Indonesia Energy Corporation Limited Ordinary Shares
INDP,Indaptus Therapeutics Inc. Common Stock
INDV,Indivior Pharmaceuticals Inc. Common Stock
INEO,INNEOVA Holdings Limited Class A Ordinary Shares
INFQ,Infleqtion Inc. Common Stock
INFU,InfuSystems Holdings Inc. Common Stock
ING,ING Group N.V. Common Stock
INGM,Ingram Micro Holding Corporation Common Stock
INGN,Inogen Inc Common Stock
INGR,Ingredion Incorporated Common Stock
INHD,Inno Holdings Inc. Common Stock
INIO,INNIO N.V. Ordinary Shares
INKT,MiNK Therapeutics Inc. Common Stock
INLF,INLIF LIMITED Class A Ordinary Shares
INLX,Intellinetics Inc. Common Stock
INM,InMed Pharmaceuticals Inc. Common Shares
INMB,INmune Bio Inc. Common stock
INMD,InMode Ltd. Ordinary Shares
INN,Summit Hotel Properties Inc. Common Stock
INNV,InnovAge Holding Corp. Common Stock
INO,Inovio Pharmaceuticals Inc. Common Stock
INOD,Innodata Inc. Common Stock
INR,Infinity Natural Resources Inc. Class A Common Stock
INSE,Inspired Entertainment Inc. Common Stock
INSG,Inseego Corp. Common Stock
INSM,Insmed Incorporated Common Stock
INSP,Inspire Medical Systems Inc. Common Stock
INSW,International Seaways Inc. Common Stock
INTA,Intapp Inc. Common Stock
INTC,Intel Corporation Common Stock
INTG,Intergroup Corporation (The) Common Stock
INTJ,Intelligent Group Limited Class A Ordinary Shares
INTR,Inter & Co. Inc. Class A Common Shares
INTS,Intensity Therapeutics Inc. Common stock
INTT,inTest Corporation Common Stock
INTU,Intuit Inc. Common Stock
INTZ,Intrusion Inc. Common Stock
INUV,Inuvo Inc.
INV,Innventure Inc. Common Stock
INVA,Innoviva Inc. Common Stock
INVE,Identiv Inc. Common Stock
INVH,Invitation Homes Inc. Common Stock
INVX,Innovex International Inc. Common Stock
INVZ,Innoviz Technologies Ltd. Ordinary shares
IOND,Ionic Digital Inc. Class A Common Stock
IONQ,IonQ Inc. Common Stock
IONS,Ionis Pharmaceuticals Inc. Common Stock
IOR,Income Opportunity Realty Investors Inc. Common Stock
IOSP,Innospec Inc. Common Stock
IOT,Samsara Inc. Class A Common Stock
IOTR,iOThree Limited Ordinary Shares
IOVA,Iovance Biotherapeutics Inc. Common Stock
IP,International Paper Company Common Stock
IPAR,Interparfums Inc. Common Stock
IPDN,Professional Diversity Network Inc. Common Stock
IPGP,IPG Photonics Corporation Common Stock
IPHA,Innate Pharma S.A. ADS
IPI,Intrepid Potash Inc Common Stock
IPM,Intelligent Protection Management Corp. Common Stock
IPSC,Century Therapeutics Inc. Common Stock
IPST,IP Strategy Holdings Inc. Common Stock
IPVV,InterPrivate Investment Partners V Inc. Class A Ordinary Shares
IPVVU,InterPrivate Investment Partners V Inc. Units
IPVVW,InterPrivate Investment Partners V Inc. Warrants
IPW,iPower Inc. Common Stock
IPWR,Ideal Power Inc. Common Stock
IQI,Invesco Quality Municipal Income Trust Common Stock
IQST,iQSTEL Inc. Common Stock
IQV,IQVIA Holdings Inc. Common Stock
IR,Ingersoll Rand Inc. Common Stock
IRD,Opus Genetics Inc. Common Stock
IRDM,Iridium Communications Inc Common Stock
IREN,IREN Limited Ordinary Shares
IRHO,Iron Horse Acquisitions II Corp. Common Stock
IRHOR,Iron Horse Acquisitions Corp. II Rights
IRIX,IRIDEX Corporation Common Stock
IRM,Iron Mountain Incorporated (Delaware)Common Stock REIT
IRMD,iRadimed Corporation Common Stock
IRON,Disc Medicine Inc. Common Stock
IRT,Independence Realty Trust Inc. Common Stock
IRTC,iRhythm Holdings Inc. Common Stock
IRWD,Ironwood Pharmaceuticals Inc. Class A Common Stock
ISBA,Isabella Bank Corporation Common stock
ISD,PGIM High Yield Bond Fund Inc.
ISOU,IsoEnergy Ltd. Common Shares
ISPC,iSpecimen Inc. Common Stock
ISPR,Ispire Technology Inc. Common Stock
ISRG,Intuitive Surgical Inc. Common Stock
ISTR,Investar Holding Corporation Common Stock
IT,Gartner Inc. Common Stock
ITG,ITG Inc. Class A Common Stock
ITGR,Integer Holdings Corporation Common Stock
ITIC,Investors Title Company Common Stock
ITOC,iTonic Holdings Ltd Class A Ordinary Shares
ITP,IT Tech Packaging Inc. Common Stock
ITRG,Integra Resources Corp. Common Shares
ITRI,Itron Inc. Common Stock
ITRN,Ituran Location and Control Ltd. Ordinary Shares
ITT,ITT Inc. Common Stock
ITW,Illinois Tool Works Inc. Common Stock
IVA,Inventiva S.A. American Depository Shares
IVDA,Iveda Solutions Inc. Common Stock
IVF,INVO Fertility Inc. Common Stock
IVR,INVESCO MORTGAGE CAPITAL INC Common Stock
IVT,InvenTrust Properties Corp. Common Stock
IVVD,Invivyd Inc. Common Stock
IVZ,Invesco Ltd Common Stock
IXHL,Incannex Healthcare Inc. Common Stock
IZEA,IZEA Worldwide Inc. Common Stock
IZM,ICZOOM Group Inc. Class A Ordinary Shares
J,Jacobs Solutions Inc. Common Stock
JACK,Jack In The Box Inc. Common Stock
JAGU,Jaguar Uranium Corp. Class A Common Shares
JAGX,Jaguar Health Inc. Common Stock
JAKK,JAKKS Pacific Inc. Common Stock
JAN,Janus Living Inc. Class A-1 Common Stock
JANX,Janux Therapeutics Inc. Common Stock
JAZZ,Jazz Pharmaceuticals plc Common Stock (Ireland)
JBDI,JBDI Holdings Limited Ordinary Shares
JBGS,JBG SMITH Properties Common Shares
JBHT,J.B. Hunt Transport Services Inc. Common Stock
JBI,Janus International Group Inc. Common Stock
JBIO,Jade Biosciences Inc. Common Stock
JBK,Lehman ABS 3.50 3.50% Adjustable Corp Backed Tr Certs GS Cap I
JBL,Jabil Inc. Common Stock
JBLU,JetBlue Airways Corporation Common Stock
JBS,JBS N.V. Class A Common Shares
JBSS,John B. Sanfilippo & Son Inc. Common Stock
JBTM,JBT Marel Corporation Common Stock
JCAP,Jefferson Capital Inc. Common Stock
JCE,Nuveen Core Equity Alpha Fund Common Shares of Beneficial Interest
JCI,Johnson Controls International plc Ordinary Share
JCSE,JE Cleantech Holdings Limited Ordinary Shares
JCTC,Jewett-Cameron Trading Company Common Shares
JDZG,JIADE LIMITED Class A Ordinary Shares
JEF,Jefferies Financial Group Inc. Common Stock
JELD,JELD-WEN Holding Inc. Common Stock
JEM,707 Cayman Holdings Limited Ordinary Shares
JFB,JFB Construction Holdings Class A Common Stock
JFR,Nuveen Floating Rate Income Fund Common Stock
JGH,Nuveen Global High Income Fund Common Shares of Beneficial Interest
JHI,John Hancock Investors Trust Common Stock
JHS,John Hancock Income Securities Trust Common Stock
JHX,James Hardie Industries plc. Ordinary Shares
JILL,J. Jill Inc. Common Stock
JJSF,J & J Snack Foods Corp. Common Stock
JKHY,Jack Henry & Associates Inc. Common Stock
JL,J-Long Group Limited Class A Ordinary Shares
JLHL,Julong Holding Limited Class A Ordinary Shares
JLL,Jones Lang LaSalle Incorporated Common Stock
JLS,Nuveen Mortgage and Income Fund
JMKE,Jersey Mike's Subs Inc. Class A Common Stock
JMM,Nuveen Multi-Market Income Fund (MA)
JMSB,John Marshall Bancorp Inc. Common Stock
JNJ,Johnson & Johnson Common Stock
JOB,GEE Group Inc. Common Stock
JOBY,Joby Aviation Inc. Common Stock
JOE,St. Joe Company (The) Common Stock
JOF,Japan Smaller Capitalization Fund Inc Common Stock
JOUT,Johnson Outdoors Inc. Class A Common Stock
JPM,JP Morgan Chase & Co. Common Stock
JQC,Nuveen Credit Strategies Income Fund Shares of Beneficial Interest
JRI,Nuveen Real Asset Income and Growth Fund Common Shares of Beneficial Interest
JRS,Nuveen Real Estate Income Fund Common Shares of Beneficial Interest
JRSH,Jerash Holdings (US) Inc. Common Stock
JRVR,James River Group Holdings Inc. Common Stock
JSM,Navient Corporation 6% Senior Notes due December 15 2043
JSPR,Jasper Therapeutics Inc. Common Stock
JSPRW,Japer Therapeutics Inc. Warrants
JTAI,Jet.AI Inc. Common Stock
JUNS,Jupiter Neurosciences Inc. Common Stock
JVA,Coffee Holding Co. Inc. Common Stock
JWEL,Jowell Global Ltd. Ordinary Shares
JXG,JX Luxventure Group Inc. Common Stock
JXN,Jackson Financial Inc. Class A Common Stock
JYD,Jayud Global Logistics Limited Class A Ordinary Shares
JYNT,The Joint Corp. Common Stock
JZXN,Jiuzi Holdings Inc. Ordinary Shares
KAI,Kadant Inc Common Stock
KALA,KALA BIO Inc. Common Stock
KALU,Kaiser Aluminum Corporation Common Stock
KAPA,Kairos Pharma Ltd. Common Stock
KARD,Kardigan Inc. Common Stock
KARO,Karooooo Ltd. Ordinary Shares
KAZR,Skyline Builders Group Holding Limited Class A Ordinary Shares
KB,KB Financial Group Inc
KBDC,Kayne Anderson BDC Inc. Common Stock
KBH,KB Home Common Stock
KBON,Karbon Capital Partners Corp. Class A Ordinary Shares
KBONU,Karbon Capital Partners Corp. Units
KBR,KBR Inc. Common Stock
KBSX,FST Corp. Ordinary Shares
KD,Kyndryl Holdings Inc. Common Stock
KDK,Kodiak AI Inc. Common Stock
KDKRW,Kodiak AI Inc. Warrants
KDP,Keurig Dr Pepper Inc. Common Stock
KE,Kimball Electronics Inc. Common Stock
KEEL,Keel Infrastructure Corp. Common Stock
KELYA,Kelly Services Inc. Class A Common Stock
KELYB,Kelly Services Inc. Class B Common Stock
KEN,Kenon Holdings Ltd. Ordinary Shares
KEP,Korea Electric Power Corporation Common Stock
KEQU,Kewaunee Scientific Corporation Common Stock
KEX,Kirby Corporation Common Stock
KEY,KeyCorp Common Stock
KEYS,Keysight Technologies Inc. Common Stock
KF,Korea Fund Inc. (The) New Common Stock
KFFB,Kentucky First Federal Bancorp Common Stock
KFRC,Kforce Inc. Common Stock
KFY,Korn Ferry Common Stock
KG,Kestrel Group Ltd.
KGC,Kinross Gold Corporation Common Stock
KGEI,Kolibri Global Energy Inc. Common stock
KGS,Kodiak Gas Services Inc. Common Stock
KHC,The Kraft Heinz Company Common Stock
KIDS,OrthoPediatrics Corp. Common Stock
KIDZ,KIDZ AI Inc. Class B Common Stock
KIDZW,KIDZ AI Inc. Warrants
KIM,Kimco Realty Corporation (HC) Common Stock
KINS,Kingstone Companies Inc. Common Stock
KIO,KKR Income Opportunities Fund Common Shares
KITT,Nauticus Robotics Inc. Common stock
KKR,KKR & Co. Inc. Common Stock
KKRS,KKR Group Finance Co. IX LLC 4.625% Subordinated Notes due 2061
KKRT,KKR & Co. Inc. 6.875% Subordinated Notes due 2065
KLAC,KLA Corporation Common Stock
KLAR,Klarna Group plc Ordinary Shares
KLC,KinderCare Learning Companies Inc. Common Stock
KLIC,Kulicke and Soffa Industries Inc. Common Stock
KLRA,Kailera Therapeutics Inc. Common Stock
KLRS,Kalaris Therapeutics Inc. Common Stock
KLTR,Kaltura Inc. Common Stock
KLXE,KLX Energy Services Holdings Inc. Common Stock
KMB,Kimberly-Clark Corporation Common Stock
KMDA,Kamada Ltd. Ordinary Shares
KMI,Kinder Morgan Inc. Common Stock
KMPB,Kemper Corporation 5.875% Fixed-Rate Reset Junior Subordinated Debentures due 2062
KMPR,Kemper Corporation
KMRK,K-Tech Solutions Company Limited Class A Ordinary Shares
KMT,Kennametal Inc. Common Stock
KMTS,Kestra Medical Technologies Ltd. Common Stock
KMX,CarMax Inc
KN,Knowles Corporation Common Stock
KNDI,Kandi Technologies Group Inc. Ordinary Shares
KNF,Knife Riv Holding Co. Common Stock
KNOP,KNOT Offshore Partners LP Common Units representing Limited Partner Interests
KNRX,KNOREX LTD. Class A Ordinary Shares
KNSA,Kiniksa Pharmaceuticals International plc Class A Ordinary Shares
KNSL,Kinsale Capital Group Inc. Common Stock
KNTK,Kinetik Holdings Inc. Class A Common Stock
KNX,Knight-Swift Transportation Holdings Inc.
KO,Coca-Cola Company (The) Common Stock
KOD,Kodiak Sciences Inc Common Stock
KODK,Eastman Kodak Company Common New
KOP,Koppers Holdings Inc. Common Stock
KOPN,Kopin Corporation Common Stock
KOS,Kosmos Energy Ltd. Common Shares (DE)
KOSS,Koss Corporation Common Stock
KPET,KPET Ultra Paceline Corporation Class A Ordinary Shares
KPLT,Katapult Holdings Inc. Common Stock
KPRX,Kiora Pharmaceuticals Inc.  Common Stock
KPTI,Karyopharm Therapeutics Inc. Common Stock
KR,Kroger Company (The) Common Stock
KRAQ,KRAKacquisition Corp Class A Ordinary Shares
KRAQW,KRAKacquisition Corp Warrants
KRC,Kilroy Realty Corporation Common Stock
KREF,KKR Real Estate Finance Trust Inc. Common Stock
KRG,Kite Realty Group Trust Common Stock
KRMD,KORU Medical Systems Inc. Common Stock (DE)
KRMN,Karman Holdings Inc. Common Stock
KRNT,Kornit Digital Ltd. Ordinary Shares
KRNY,Kearny Financial Corp Common Stock
KRO,Kronos Worldwide Inc Common Stock
KROS,Keros Therapeutics Inc. Common Stock
KRP,Kimbell Royalty Partners Common Units Representing Limited Partner Interests
KRRO,Korro Bio Inc. Common Stock
KRT,Karat Packaging Inc. Common Stock
KRUS,Kura Sushi USA Inc. Class A Common Stock
KRYS,Krystal Biotech Inc. Common Stock
KSCP,Knightscope Inc. Class A Common Stock
KSPI,Joint Stock Company Kaspi.kz American Depository Shares
KSS,Kohl's Corporation Common Stock
KT,KT Corporation Common Stock
KTB,Kontoor Brands Inc. Common Stock
KTCC,Key Tronic Corporation Common Stock
KTF,DWS Municipal Income Trust
KTN,Structured Products Corp 8.205% CorTS 8.205% Corporate Backed Trust Securities (CorTS)
KTOS,Kratos Defense & Security Solutions Inc. Common Stock
KTTA,Pasithea Therapeutics Corp. Common Stock
KULR,KULR Technology Group Inc. Common Stock
KURA,Kura Oncology Inc. Common Stock
KUST,Kustom Entertainment Inc. Common Stock
KVHI,KVH Industries Inc. Common Stock
KVUE,Kenvue Inc. Common Stock
KVYO,Klaviyo Inc. Series A Common Stock
KWM,K Wave Media Ltd. Ordinary Shares
KWR,Quaker Houghton Common Stock
KWY,Kingsway Corporation Common Stock
KXIN,Kaixin Holdings Ordinary Shares
KYIV,Kyivstar Group Ltd. Common Shares
KYMR,Kymera Therapeutics Inc. Common Stock
KYN,Kayne Anderson Energy Infrastructure Fund Inc.
KYNB,Kyntra Bio Inc. Common Stock
KYTX,Kyverna Therapeutics Inc. Common Stock
L,Loews Corporation Common Stock
LAB,Standard BioTools Inc. Common Stock
LABT,Lakewood-Amedex Biotherapeutics Inc. Common Stock
LAC,Lithium Americas Corp. Common Shares
LAD,Lithia Motors Inc. Common Stock
LADR,Ladder Capital Corp Class A Common Stock
LAES,SEALSQ Corp Ordinary Shares
LAKE,Lakeland Industries Inc. Common Stock
LAMR,Lamar Advertising Company Class A Common Stock
LAND,Gladstone Land Corporation Common Stock
LANV,Lanvin Group Holdings Limited Ordinary Shares
LAR,Lithium Argentina AG Common Shares
LARK,Landmark Bancorp Inc. Common Stock
LASE,Laser Photonics Corporation Common Stock
LASR,nLIGHT Inc. Common Stock
LAUR,Laureate Education Inc. Common Stock
LAW,CS Disco Inc. Common Stock
LAZ,Lazard Inc. Common Stock
LB,LandBridge Company LLC Class A Shares Representing Limited Liability Company Interests
LBGJ,Li Bang International Corporation Class A Ordinary Shares
LBRDA,Liberty Broadband Corporation Class A Common Stock
LBRDK,Liberty Broadband Corporation Class C Common Stock
LBRT,Liberty Energy Inc. Class A common stock
LBRX,LB Pharmaceuticals Inc Common Stock
LBTYA,Liberty Global Ltd. Class A Common Shares
LBTYB,Liberty Global Ltd. Class B Common Shares
LBTYK,Liberty Global Ltd. Class C Common Shares
LCFY,Locafy Limited Ordinary Share
LCID,Lucid Group Inc. Common Stock
LCII,LCI Industries
LCLN,Lincoln International Inc. Class A Common Stock
LCNB,LCNB Corporation Common Stock
LCTX,Lineage Cell Therapeutics Inc. Common Stock
LCUT,Lifetime Brands Inc. Common Stock
LDI,loanDepot Inc. Class A Common Stock
LDOS,Leidos Holdings Inc. Common Stock
LE,Lands' End Inc. Common Stock
LEA,Lear Corporation Common Stock
LECO,Lincoln Electric Holdings Inc. Common Shares
LEDS,SemiLEDS Corporation Common Stock
LEE,Lee Enterprises Incorporated Common Stock
LEG,Leggett & Platt Incorporated Common Stock
LEGH,Legacy Housing Corporation Common Stock (TX)
LEGO,Legato Merger Corp. IV Ordinary Shares
LEN,Lennar Corporation Class A Common Stock
LENZ,LENZ Therapeutics Inc. Common Stock
LEO,BNY Mellon Strategic Municipals Inc. Common Stock
LESL,Leslie's Inc. Common Stock
LEU,Centrus Energy Corp. Class A Common Stock
LEVI,Levi Strauss & Co Class A Common Stock
LEXX,Lexaria Bioscience Corp. Common Stock
LFCR,Lifecore Biomedical Inc. Common Stock
LFMD,LifeMD Inc. Common Stock
LFST,LifeStance Health Group Inc. Common Stock
LFT,Lument Finance Trust Inc. Common Stock
LFTO,Liftoff Mobile Inc. Common Stock
LFUS,Littelfuse Inc. Common Stock
LFVN,Lifevantage Corporation Common Stock (Delaware)
LFWD,Lifeward Ltd. Ordinary Shares
LGCL,Lucas GC Limited Ordinary Shares
LGCY,Legacy Education Inc. Common Stock
LGI,Lazard Global Total Return and Income Fund Common Stock
LGIH,LGI Homes Inc. Common Stock
LGL,LGL Group Inc. (The) Common Stock
LGN,Legence Corp. Class A Common stock
LGND,Ligand Pharmaceuticals Incorporated Common Stock
LGO,Largo Inc. Common Shares
LGPS,LogProstyle Inc. Common Shares
LGVN,Longeveron Inc. Class A Common Stock
LH,Labcorp Holdings Inc. Common Stock
LHAI,Linkhome Holdings Inc. Common stock
LHSW,Lianhe Sowell International Group Ltd Class A Ordinary Shares
LHX,L3Harris Technologies Inc. Common Stock
LICN,Lichen International Limited Class A Ordinary Shares
LIDR,AEye Inc. Class A Common Stock
LIEN,Chicago Atlantic BDC Inc. Common Stock
LIF,Life360 Inc. Common Stock
LIFE,Ethos Technologies Inc. Class A Common Stock
LII,Lennox International Inc. Common Stock
LILA,Liberty Latin America Ltd. Class A Common Stock
LILAK,Liberty Latin America Ltd. Class C Common Stock
LILAP,Liberty Latin America Ltd. 9.0% Fixed Rate Cumulative Perpetual Redeemable Series A Preference Shares
LIME,Neutron Holdings Inc. Common Stock
LIMN,Liminatus Pharma Inc. Class A Common Stock
LIMNW,Liminatus Pharma Inc. Warrants
LIN,Linde plc Ordinary Shares
LINC,Lincoln Educational Services Corporation Common Stock
LIND,Lindblad Expeditions Holdings Inc. Common Stock
LINE,Lineage Inc. Common Stock
LINK,Interlink Electronics Inc. Common Stock
LION,Lionsgate Studios Corp Common Shares
LIQT,LiqTech International Inc. Common Stock
LITE,Lumentum Holdings Inc. Common Stock
LITS,Lite Strategy Inc. Common Stock
LIVE,Live Ventures Incorporated Common Stock
LIVN,LivaNova PLC Ordinary Shares
LKFN,Lakeland Financial Corporation Common Stock
LKQ,LKQ Corporation Common Stock
LLY,Eli Lilly and Company Common Stock
LLYVA,Liberty Live Holdings Inc. Series A Liberty Live Group Common Stock
LLYVK,Liberty Live Holdings Inc. Series C Liberty Live Group Common Stock
LMAT,LeMaitre Vascular Inc. Common Stock
LMB,Limbach Holdings Inc. Common Stock
LMND,Lemonade Inc. Common Stock
LMNR,Limoneira Co Common Stock
LMRI,Lumexa Imaging Holdings Inc. Common Stock
LMT,Lockheed Martin Corporation Common Stock
LNAI,Lunai Bioworks Inc. Common Stock
LNC,Lincoln National Corporation Common Stock
LND,Brasilagro Brazilian Agric Real Estate Co Sponsored ADR (Brazil)
LNG,Cheniere Energy Inc. Common Stock
LNKS,Linkers Industries Limited Class A Ordinary Shares
LNN,Lindsay Corporation Common Stock
LNSR,LENSAR Inc. Common Stock
LNT,Alliant Energy Corporation Common Stock
LNTH,Lantheus Holdings Inc. Common Stock
LNZA,LanzaTech Global Inc. Common Stock
LOAN,Manhattan Bridge Capital Inc
LOAR,Loar Holdings Inc. Common Stock
LOB,Live Oak Bancshares Inc. Common Stock
LOBO,LOBO TECHNOLOGIES LTD. Class A Ordinary Shares
LOCL,Local Bounti Corporation Common Stock
LOCO,El Pollo Loco Holdings Inc. Common Stock
LODE,Comstock Inc. Common Stock
LOGI,Logitech International S.A. Ordinary Shares
LOMA,Loma Negra Compania Industrial Argentina Sociedad Anonima ADS
LONA,LeonaBio Inc. Common Stock
LOOP,Loop Industries Inc. Common Stock
LOPE,Grand Canyon Education Inc. Common Stock
LOTWW,Lotus Technology Inc. Warrants
LOVE,The Lovesac Company Common Stock
LOW,Lowe's Companies Inc. Common Stock
LPA,Logistic Properties of the Americas Ordinary Shares
LPCN,Lipocine Inc. Common Stock
LPG,Dorian LPG Ltd. Common Stock
LPL,LG Display Co Ltd AMERICAN DEPOSITORY SHARES
LPLA,LPL Financial Holdings Inc. Common Stock
LPSN,LivePerson Inc. Common Stock
LPTH,LightPath Technologies Inc. Class A Common Stock
LPX,Louisiana-Pacific Corporation Common Stock
LQDA,Liquidia Corporation Common Stock
LQDT,Liquidity Services Inc. Common Stock
LRCX,Lam Research Corporation Common Stock
LRHC,La Rosa Holdings Corp. Common Stock
LRMR,Larimar Therapeutics Inc. Common Stock
LRN,Stride Inc. Common Stock
LSAK,Lesaka Technologies Inc. Common Stock
LSBK,Lake Shore Bancorp Inc. Common Stock
LSCC,Lattice Semiconductor Corporation Common Stock
LSE,Leishen Energy Holding Co. Ltd. Class A Ordinary Shares
LSF,Laird Superfood Inc. Common Stock
LSPD,Lightspeed Commerce Inc. Subordinate Voting Shares
LSTA,Lisata Therapeutics Inc. Common Stock
LSTR,Landstar System Inc. Common Stock
LTBR,Lightbridge Corporation Common Stock
LTC,LTC Properties Inc. Common Stock
LTGO,Latigo Biotherapeutics Inc. Common Stock
LTGR,Long Table Growth Corp. Class A Ordinary Shares
LTGRU,Long Table Growth Corp. Units
LTH,Life Time Group Holdings Inc. Common Stock
LTRN,Lantern Pharma Inc. Common Stock
LTRX,Lantronix Inc. Common Stock
LTRYW,Sports Entertainment Gaming Global Corporation Warrants
LUCD,Lucid Diagnostics Inc. Common Stock
LUCK,Lucky Strike Entertainment Corporation Class A Common Stock
LUCY,Innovative Eyewear Inc. Common Stock
LUCYW,Innovative Eyewear Inc. Series A Warrants 8/16/27
LUD,Luda Technology Group Limited Ordinary Shares
LULU,lululemon athletica inc. Common Stock
LUMN,Lumen Technologies Inc. Common Stock
LUNG,Pulmonx Corporation Common Stock
LUNR,Intuitive Machines Inc. Class A Common Stock
LUV,Southwest Airlines Company Common Stock
LVLU,Lulu's Fashion Lounge Holdings Inc. Common Stock
LVO,LiveOne Inc. Common Stock
LVS,Las Vegas Sands Corp. Common Stock
LVWR,LiveWire Group Inc. Common Stock
LW,Lamb Weston Holdings Inc. Common Stock
LWAY,Lifeway Foods Inc. Common Stock
LWLG,Lightwave Logic Inc. Common Stock
LXEO,Lexeo Therapeutics Inc. Common Stock
LXFR,Luxfer Holdings PLC Ordinary Shares
LXP,LXP Industrial Trust Common Stock (Maryland REIT)
LXRX,Lexicon Pharmaceuticals Inc. Common Stock
LXU,LSB Industries Inc. Common Stock
LYB,LyondellBasell Industries NV Ordinary Shares Class A (Netherlands)
LYEL,Lyell Immunopharma Inc. Common Stock
LYFT,Lyft Inc. Class A Common Stock
LYNX,Lyntris Inc.
LYTS,LSI Industries Inc. Common Stock
LYV,Live Nation Entertainment Inc. Common Stock
LZ,LegalZoom.com Inc. Common Stock
LZB,La-Z-Boy Incorporated Common Stock
LZM,Lifezone Metals Limited Ordinary Shares
LZMH,LZ Technology Holdings Limited Class B Ordinary Shares
M,Macy's Inc Common Stock
MA,Mastercard Incorporated Common Stock
MAA,Mid-America Apartment Communities Inc. Common Stock
MAAS,Maase Inc. Class A Ordinary Shares
MAC,Macerich Company (The) Common Stock
MAGN,Magnera Corporation Common Stock
MAIA,MAIA Biotechnology Inc. Common Stock
MAIN,Main Street Capital Corporation Common Stock
MAIR,Madison Air Solutions Corporation Class A Common Stock
MAKO,Mako Mining Corp Common Stock
MAMA,Mama's Creations Inc. Common Stock
MAMO,Massimo Group Common Stock
MAN,ManpowerGroup Common Stock
MANE,Veradermics Incorporated Common Stock
MANH,Manhattan Associates Inc. Common Stock
MANU,Manchester United Ltd. Class A Ordinary Shares
MAR,Marriott International Class A Common Stock
MARA,MARA Holdings Inc. Common Stock
MARPS,Marine Petroleum Trust Units of Beneficial Interest
MAS,Masco Corporation Common Stock
MASK,3 E Network Technology Group Ltd Class A Ordinary Shares
MASS,908 Devices Inc. Common Stock
MAT,Mattel Inc. Common Stock
MATH,Metalpha Technology Holding Limited Ordinary Shares
MATV,Mativ Holdings Inc. Common Stock
MATW,Matthews International Corporation Class A Common Stock
MATX,Matson Inc. Common Stock
MAX,MediaAlpha Inc. Class A Common Stock
MAYS,J. W. Mays Inc. Common Stock
MAZE,Maze Therapeutics Inc. Common Stock
MB,MasterBeef Group Ordinary Shares
MBAI,Check-Cap Ltd. Ordinary Share
MBBC,Marathon Bancorp Inc. Common Stock
MBC,MasterBrand Inc. Common Stock
MBGL,Mobility Global Inc. Common Stock
MBI,MBIA Inc. Common Stock
MBIN,Merchants Bancorp Common Stock
MBIO,Mustang Bio Inc. Common Stock
MBLY,Mobileye Global Inc. Class A Common Stock
MBOT,Microbot Medical Inc. Common Stock
MBRX,Moleculin Biotech Inc. Common Stock
MBUU,Malibu Boats Inc. Class A Common Stock
MBWM,Mercantile Bank Corporation Common Stock
MBX,MBX Biosciences Inc. Common Stock
MC,Moelis & Company Class A Common Stock
MCB,Metropolitan Bank Holding Corp. Common Stock
MCBS,MetroCity Bankshares Inc. Common Stock
MCD,McDonald's Corporation Common Stock
MCFT,MasterCraft Boat Holdings Inc. Common Stock
MCHB,Mechanics Bancorp Class A Common Stock
MCHP,Microchip Technology Incorporated Common Stock
MCHX,Marchex Inc. Class B Common Stock
MCI,Barings Corporate Investors Common Stock
MCK,McKesson Corporation Common Stock
MCN,XAI Madison Equity Premium Income Fund Common Shares
MCO,Moody's Corporation Common Stock
MCRB,Seres Therapeutics Inc. Common Stock
MCRI,Monarch Casino & Resort Inc. Common Stock
MCRP,Micropolis AI Robotics Ordinary Shares
MCS,Marcus Corporation (The) Common Stock
MCY,Mercury General Corporation Common Stock
MD,Pediatrix Medical Group Inc. Common Stock
MDA,MDA Space Ltd. Common Shares
MDAI,Spectral AI Inc. Class A Common Stock
MDAIW,Spectral AI Inc. Warrants
MDB,MongoDB Inc. Class A Common Stock
MDBH,MDB Capital Holdings LLC Class A common
MDCX,Medicus Pharma Ltd. Common Stock
MDGL,Madrigal Pharmaceuticals Inc. Common Stock
MDIA,Mediaco Holding Inc. Class A Common Stock
MDLN,Medline Inc. Class A Common Stock
MDLZ,Mondelez International Inc. Class A Common Stock
MDRR,Medalist Diversified Inc. Common Stock
MDT,Medtronic plc. Ordinary Shares
MDU,MDU Resources Group Inc. Common Stock (Holding Company)
MDWD,MediWound Ltd. Ordinary Shares
MDXG,MiMedx Group Inc Common Stock
MDXH,MDxHealth SA Ordinary Shares
MEC,Mayville Engineering Company Inc. Common Stock
MED,MEDIFAST INC Common Stock
MEDP,Medpace Holdings Inc. Common Stock
MEDS,DataMeds AI Inc. Common Stock
MEGI,NYLI CBRE Global Infrastructure Megatrends Term Fund Common Shares
MEGL,Magic Empire Global Limited Class A Ordinary Shares
MEI,Methode Electronics Inc. Common Stock
MELI,MercadoLibre Inc. Common Stock
MENS,Jyong Biotech Ltd. Ordinary Shares
MEOH,Methanex Corporation Common Stock
MERC,Mercer International Inc. Common Stock
MET,MetLife Inc. Common Stock
META,Meta Platforms Inc. Class A Common Stock
METC,Ramaco Resources Inc. Class A Common Stock
METCB,Ramaco Resources Inc. Class B Common Stock
METCI,Ramaco Resources Inc. 8.250% Senior Notes due 2030
METCZ,Ramaco Resources Inc. 8.375% Senior Notes due 2029
MF,MindForge Inc. Class A Ordinary Shares
MFA,MFA Financial Inc.
MFAN,MFA Financial Inc. 8.875% Senior Notes due 2029
MFAO,MFA Financial Inc. 9.000% Senior Notes due 2029
MFC,Manulife Financial Corporation Common Stock
MFG,Mizuho Financial Group Inc. Sponosred ADR (Japan)
MFI,mF International Limited Class A Ordinary Shares
MFIC,MidCap Financial Investment Corporation Common Stock
MFICL,MidCap Financial Investment Corporation 8.00% Notes due 2028
MFIN,Medallion Financial Corp. Common Stock
MFM,Aberdeen Municipal Income Fund Common Shares of Beneficial Interest
MFP,Midera Food Processing Inc. Common Stock
MG,Mistras Group Inc Common Stock
MGA,Magna International Inc. Common Stock
MGEE,MGE Energy Inc
MGF,Aberdeen Government Markets Income Fund Common Shares of Beneficial Interest
MGIH,Millennium Group International Holdings Limited Ordinary Shares
MGLD,The Marygold Companies Inc. Common Stock
MGM,MGM Resorts International Common Stock
MGN,Megan Holdings Limited Class A Ordinary Shares
MGNI,Magnite Inc. Common Stock
MGNX,MacroGenics Inc. Common Stock
MGPI,MGP Ingredients Inc.
MGR,Affiliated Managers Group Inc. 5.875% Junior Subordinated Notes due 2059
MGRB,Affiliated Managers Group Inc. 4.750% Junior Subordinated Notes due 2060
MGRC,McGrath RentCorp Common Stock
MGRD,Affiliated Managers Group Inc. 4.200% Junior Subordinated Notes due 2061
MGRE,Affiliated Managers Group Inc. 6.750% Junior Subordinated Notes due 2064
MGRT,Mega Fortune Company Limited Ordinary Shares
MGRX,Mangoceuticals Inc. Common Stock
MGTX,MeiraGTx Holdings plc Ordinary Shares
MGX,Metagenomi Therapeutics Inc. Common Stock
MGY,Magnolia Oil & Gas Corporation Class A Common Stock
MGYR,Magyar Bancorp Inc. Common Stock
MH,McGraw Hill Inc. Common Stock
MHD,Blackrock MuniHoldings Fund Inc. Common Stock
MHF,Western Asset Municipal High Income Fund Inc. Common Stock
MHH,Mastech Digital Inc Common Stock
MHK,Mohawk Industries Inc. Common Stock
MHLA,Maiden Holdings Ltd. 6.625% Notes due 2046
MHNC,Maiden Holdings North America Ltd. 7.75% Notes due 2043
MHO,M/I Homes Inc. Common Stock
MI,NFT Limited Class A Ordinary Share
MIAX,Miami International Holdings Inc. Common Stock
MICC,The Magnum Ice Cream Company N.V. Ordinary Shares
MIDD,Middleby Corporation (The) Common Stock
MIMI,Mint Incorporation Limited Class A Ordinary Shares
MIN,Aberdeen Intermediate Income Fund Common Shares of Beneficial Interest
MIND,MIND Technology Inc. Common Stock (DE)
MINE,Mayfair Gold Corp. Common Shares
MIR,Mirion Technologies Inc. Class A Common Stock
MIRA,MIRA Pharmaceuticals Inc. Common Stock
MIRM,Mirum Pharmaceuticals Inc. Common Stock
MIST,Milestone Pharmaceuticals Inc. Common Shares
MITK,Mitek Systems Inc. Common Stock
MITN,TPG Mortgage Investment Trust Inc. 9.500% Senior Notes due 2029
MITP,TPG Mortgage Investment Trust Inc. 9.500% Senior Notes due 2029
MITQ,Moving iMage Technologies Inc. Common Stock
MITT,TPG Mortgage Investment Trust Inc. Common Stock
MIY,Blackrock MuniYield Michigan Quality Fund Inc. Common Stock
MKC,McCormick & Company Incorporated Common Stock
MKDW,MKDWELL Tech Inc. Ordinary Share
MKDWW,MKDWELL Tech Inc. Warrants
MKL,Markel Group Inc. Common Stock
MKSI,MKS Inc. Common Stock
MKTW,MarketWise Inc. Class A Common Stock
MKTX,MarketAxess Holdings Inc. Common Stock
MKZR,MacKenzie Realty Capital Inc. Common Stock
MLAB,Mesa Laboratories Inc. Common Stock
MLCI,Mount Logan Capital Inc. Common Stock
MLCIL,Mount Logan Capital Inc. 8.00% Notes Due 2031
MLEC,Moolec Science SA Ordinary Shares
MLGO,MicroAlgo Inc. Class A Ordinary Shares
MLI,Mueller Industries Inc. Common Stock
MLKN,MillerKnoll Inc. Common Stock
MLM,Martin Marietta Materials Inc. Common Stock
MLP,Maui Land & Pineapple Company Inc. Common Stock
MLR,Miller Industries Inc. Common Stock
MLSS,Milestone Scientific Inc. Common Stock
MLTX,MoonLake Immunotherapeutics Class A Ordinary Shares
MLYS,Mineralys Therapeutics Inc. Common Stock
MMA,Mixed Martial Arts Group Limited Ordinary Shares
MMD,NYLI MacKay DefinedTerm Muni Opportunities Fund Common Shares
MMED,MiniMed Group Inc. Common Stock
MMI,Marcus & Millichap Inc. Common Stock
MMLP,Martin Midstream Partners L.P. Limited Partnership
MMM,3M Company Common Stock
MMS,Maximus Inc. Common Stock
MMSI,Merit Medical Systems Inc. Common Stock
MMT,Aberdeen Multi-Market Income Fund Common Shares of Beneficial Interest
MMU,Western Asset Managed Municipals Fund Inc. Common Stock
MMYT,MakeMyTrip Limited Ordinary Shares
MNDO,MIND C.T.I. Ltd. Ordinary Shares
MNDR,Mobile-health Network Solutions Class A Ordinary Shares
MNDY,monday.com Ltd. Ordinary Shares
MNKD,MannKind Corporation Common Stock
MNOV,Medicinova Inc Common Stock
MNPR,Monopar Therapeutics Inc. Common Stock
MNR,Mach Natural Resources LP Common Units representing Limited Partner Interests
MNRO,Monro Inc. Common Stock
MNSB,MainStreet Bancshares Inc. Common Stock
MNST,Monster Beverage Corporation
MNTK,Montauk Renewables Inc. Common Stock
MNTN,MNTN Inc. Class A Common Stock
MNTS,Momentus Inc. Class A Common Stock
MNY,MoneyHero Limited Class A Ordinary Shares
MNYWW,MoneyHero Limited Warrants
MO,Altria Group Inc.
MOB,Mobilicom Limited Ordinary Shares
MOBBW,Mobilicom Limited Warrants
MOBI,Mobia Medical Inc. Common Stock
MOBX,Mobix Labs Inc. Class A Common Stock
MOBXW,Mobix Labs Inc Warrants
MOD,Modine Manufacturing Company Common Stock
MODD,Modular Medical Inc. Common Stock
MOH,Molina Healthcare Inc Common Stock
MORN,Morningstar Inc. Common Stock
MOS,Mosaic Company (The) Common Stock
MOV,Movado Group Inc. Common Stock
MOVE,Corvex Inc. Common Stock
MP,MP Materials Corp. Common Stock
MPA,Blackrock MuniYield Pennsylvania Quality Fund Common Stock
MPAA,Motorcar Parts  of America Inc. Common Stock
MPB,Mid Penn Bancorp Common Stock
MPC,Marathon Petroleum Corporation Common Stock
MPLT,MapLight Therapeutics Inc. Common Stock
MPLX,MPLX LP Common Units Representing Limited Partner Interests
MPT,Medical Properties Trust Inc. common stock
MPTI,M-tron Industries Inc. Common Stock
MPU,Mega Matrix Inc. Class A Ordinary Shares
MPV,Barings Participation Investors Common Stock
MPWR,Monolithic Power Systems Inc. Common Stock
MQ,Marqeta Inc. Class A Common Stock
MQY,Blackrock MuniYield Quality Fund Inc. Common Stock
MRAM,Everspin Technologies Inc. Common Stock
MRBK,Meridian Corporation Common Stock
MRCY,Mercury Systems Inc Common Stock
MRDN,Meridian Holdings Inc. Common Stock
MRK,Merck & Company Inc. Common Stock (new)
MRKR,Marker Therapeutics Inc. Common Stock
MRLN,Merlin Inc. Common Stock
MRNA,Moderna Inc. Common Stock
MRNO,Murano Global Investments PLC Ordinary Shares
MRNOW,Murano Global Investments PLC Warrants
MRP,Millrose Properties Inc. Class A Common Stock
MRSH,Marsh Common Stock
MRT,Marti Technologies Inc. Class A Ordinary Shares
MRTN,Marten Transport Ltd. Common Stock
MRVI,Maravai LifeSciences Holdings Inc. Class A Common Stock
MRVL,Marvell Technology Inc. Common Stock
MRX,Marex Group Limited Ordinary Shares
MS,Morgan Stanley Common Stock
MSA,MSA Safety Incorporated Common Stock
MSAI,MultiSensor AI Holdings Inc. Common Stock
MSB,Mesabi Trust Common Stock
MSBI,Midland States Bancorp Inc. Common Stock
MSCI,MSCI Inc. Common Stock
MSD,Morgan Stanley Emerging Markets Debt Fund Inc. Common Stock
MSDL,Morgan Stanley Direct Lending Fund Common Stock
MSEX,Middlesex Water Company Common Stock
MSFT,Microsoft Corporation Common Stock
MSGE,Madison Square Garden Entertainment Corp. Class A Common Stock
MSGM,Motorsport Games Inc. Class A Common Stock
MSGS,Madison Square Garden Sports Corp. Class A Common Stock (New)
MSGY,Masonglory Limited Class A Ordinary Shares
MSI,Motorola Solutions Inc. Common Stock
MSIF,MSC Income Fund Inc. Common Stock
MSLE,Satellos Bioscience Inc. Common Stock
MSM,MSC Industrial Direct Company Inc. Common Stock
MSN,Emerson Radio Corporation Common Stock
MSS,Maison Solutions Inc. Class A Common Stock
MSTR,Strategy Inc Common Stock Class A
MT,Arcelor Mittal NY Registry Shares NEW
MTA,Metalla Royalty & Streaming Ltd. Common Shares
MTB,M&T Bank Corporation Common Stock
MTC,MMTec Inc. Common Shares
MTCH,Match Group Inc. Common Stock
MTD,Mettler-Toledo International Inc. Common Stock
MTDR,Matador Resources Company Common Stock
MTEK,Maris-Tech Ltd. Ordinary Shares
MTEKW,Maris-Tech Ltd. Warrants
MTEN,Mingteng International Corporation Inc. Class A Ordinary Shares
MTEX,Mannatech Incorporated Common Stock
MTG,MGIC Investment Corporation Common Stock
MTH,Meritage Homes Corporation Common Stock
MTN,Vail Resorts Inc. Common Stock
MTNB,Matinas Biopharma Holdings Inc. Common Stock
MTNE,CH4 Natural Solutions Corporation Class A Ordinary Shares
MTR,Mesa Royalty Trust Common Stock
MTRN,Materion Corporation
MTRX,Matrix Service Company Common Stock
MTSI,MACOM Technology Solutions Holdings Inc. Common Stock
MTUS,Metallus Inc. Common Shares
MTVA,MetaVia Inc. Common Stock
MTW,Manitowoc Company Inc. (The) Common Stock
MTX,Minerals Technologies Inc. Common Stock
MTZ,MasTec Inc. Common Stock
MU,Micron Technology Inc. Common Stock
MUA,Blackrock MuniAssets Fund Inc Common Stock
MUC,Blackrock MuniHoldings California Quality Fund Inc.  Common Stock
MUFG,Mitsubishi UFJ Financial Group Inc. Common Stock
MUJ,Blackrock MuniHoldings New Jersey Quality Fund Inc. Common Stock
MUR,Murphy Oil Corporation Common Stock
MUSA,Murphy USA Inc. Common Stock
MUX,McEwen Inc. Common Stock
MVBF,MVB Financial Corp. Common Stock
MVIS,MicroVision Inc. Common Stock
MVST,Microvast Holdings Inc. Common Stock
MWA,MUELLER WATER PRODUCTS Common Stock
MWG,Multi Ways Holdings Limited Class A Ordinary Shares
MWH,SOLV Energy Inc. Class A Common Stock
MWYN,Marwynn Holdings Inc. Common stock
MX,Magnachip Semiconductor Corporation Common Stock
MXC,Mexco Energy Corporation Common Stock
MXCT,MaxCyte Inc. Common Stock
MXE,Mexico Equity and Income Fund Inc. (The) Common Stock
MXF,Mexico Fund Inc. (The) Common Stock
MXL,MaxLinear Inc. Common Stock
MYE,Myers Industries Inc. Common Stock
MYFW,First Western Financial Inc. Common Stock
MYGN,Myriad Genetics Inc. Common Stock
MYI,Blackrock MuniYield Quality Fund III Inc Common Stock
MYN,Blackrock MuniYield New York Quality Fund Inc.Common Stock
MYO,Myomo Inc. Common Stock
MYPS,PLAYSTUDIOS Inc.  Class A Common Stock
MYRG,MYR Group Inc. Common Stock
MYSE,Myseum.AI Inc. Common Stock
MYSZ,My Size Inc. Common Stock
MZTI,The Marzetti Company Common Stock
NA,Nano Labs Ltd Class A Ordinary Shares
NABL,N-able Inc. Common Stock
NAC,Nuveen California Quality Municipal Income Fund
NAD,Nuveen Quality Municipal Income Fund Common Stock
NAGE,Niagen Bioscience Inc. Common Stock
NAII,Natural Alternatives International Inc. Common Stock
NAK,Northern Dynasty Minerals Ltd. Common Stock
NAKA,Nakamoto Inc. Common Stock
NAMM,Namib Minerals Ordinary Shares
NAMMW,Namib Minerals Warrants
NAMS,NewAmsterdam Pharma Company N.V. Ordinary Shares
NAN,Nuveen New York Quality Municipal Income Fund Common Stock
NAT,Nordic American Tankers Limited Common Stock
NATH,Nathan's Famous Inc. Common Stock
NATL,NCR Atleos Corporation Common Stock
NATR,Nature's Sunshine Products Inc. Common Stock
NAUT,Nautilus Biotechnology Inc. Common Stock
NAVI,Navient Corporation Common Stock
NAVN,Navan Inc. Class A Common Stock
NAZ,Nuveen Arizona Quality Municipal Income Fund Common Stock
NB,NioCorp Developments Ltd. Common Stock
NBB,Nuveen Taxable Municipal Income Fund Common Shares of Beneficial Interest
NBBK,NB Bancorp Inc. Common Stock
NBH,Neuberger Municipal Fund Inc. Common Stock
NBHC,National Bank Holdings Corporation Common Stock
NBIS,Nebius Group N.V. Class A Ordinary Shares
NBIX,Neurocrine Biosciences Inc. Common Stock
NBN,Northeast Bank Common Stock
NBR,Nabors Industries Ltd.
NBTB,NBT Bancorp Inc. Common Stock
NBXG,Neuberger Next Generation Connectivity Fund Inc. Common Stock
NC,NACCO Industries Inc. Common Stock
NCA,Nuveen California Municipal Value Fund
NCDL,Nuveen Churchill Direct Lending Corp. Common Stock
NCEL,NewcelX Ltd. Ordinary Shares
NCEW,New Century Logistics (BVI) Limited Ordinary Shares
NCI,Neo-Concept International Group Holdings Limited Class A Ordinary Shares
NCLH,Norwegian Cruise Line Holdings Ltd. Ordinary Shares
NCMI,National CineMedia Inc. Common Stock
NCNO,nCino Inc. Common Stock
NCPL,Netcapital Inc. Common Stock
NCPLW,Netcapital Inc. Warrants
NCRA,Nocera Inc. Common Stock
NCSM,NCS Multistage Holdings Inc. Common Stock
NCT,Intercont (Cayman) Limited Class A Ordinary shares
NCTY,The9 Limited American Depository Shares
NCV,Virtus Convertible & Income Fund Common Shares of Beneficial Interest
NCZ,Virtus Convertible & Income Fund II Common Shares of Beneficial Interest
NDAQ,Nasdaq Inc. Common Stock
NDLS,Noodles & Company Class A Common Stock
NDMO,Nuveen Dynamic Municipal Opportunities Fund Common Shares of Beneficial Interest
NDRA,ENDRA Life Sciences Inc. Common Stock
NDSN,Nordson Corporation Common Stock
NE,Noble Corporation plc A Ordinary Shares
NEA,Nuveen AMT-Free Quality Municipal Income Fund Common Shares of Beneficial Interest Par Value $.01
NECB,NorthEast Community Bancorp Inc. Common Stock
NEE,NextEra Energy Inc. Common Stock
NEGG,Newegg Commerce Inc. Common Shares
NEM,Newmont Corporation
NEO,NeoGenomics Inc. Common Stock
NEOG,Neogen Corporation Common Stock
NEON,Neonode Inc. Common Stock
NEOV,NeoVolta Inc. Common Stock
NEPH,Nephros Inc. Common Stock
NERV,Minerva Neurosciences Inc Common Stock
NESR,National Energy Services Reunited Corp Ordinary Shares
NET,Cloudflare Inc. Class A Common Stock
NEU,NewMarket Corp Common Stock
NEUP,Neuphoria Therapeutics Inc. Common Stock
NEWP,New Pacific Metals Corp. Common Shares
NEWT,NewtekOne Inc. Common Stock
NEWTG,NewtekOne Inc. 8.50% Fixed Rate Senior Notes due 2029
NEWTH,NewtekOne Inc. 8.625% Fixed Rate Senior Notes due 2029
NEWTI,NewtekOne Inc. 8.00% Fixed Rate Senior Notes due 2028
NEWTO,NewtekOne Inc. 8.50% Fixed Rate Senior Notes due 2031
NEXA,Nexa Resources S.A. Common Shares
NEXM,NexMetals Mining Corp. Common Shares
NEXN,Nexxen International Ltd. Ordinary Shares
NEXR,Nexera Technologies Ltd Ordinary Shares
NEXT,NextDecade Corporation Common Stock
NFE,New Fortress Energy Inc. Class A Common Stock
NFG,National Fuel Gas Company Common Stock
NFGC,New Found Gold Corp Common Shares
NFJ,Virtus Dividend Interest & Premium Strategy Fund Common Shares of Beneficial Interest
NFLX,Netflix Inc. Common Stock
NG,Novagold Resources Inc.
NGEN,NervGen Pharma Corp. Common stock
NGL,NGL ENERGY PARTNERS LP Common Units representing Limited Partner Interests
NGNE,Neurogene Inc. Common Stock
NGS,Natural Gas Services Group Inc. Common Stock
NGVC,Natural Grocers by Vitamin Cottage Inc. Common Stock
NGVT,Ingevity Corporation Common Stock
NHC,National HealthCare Corporation Common Stock
NHI,National Health Investors Inc. Common Stock
NHIC,NewHold Investment Corp III Class A Ordinary Shares
NHICU,NewHold Investment Corp III Units
NHIV,NewHold Investment Corp IV Class A Ordinary Shares
NHIVU,NewHold Investment Corp IV Units
NHIVW,NewHold Investment Corp IV Warrants
NHP,National Healthcare Properties Inc. Class A Common Stock
NHS,Neuberger High Yield Strategies Fund Inc. Common Stock
NHTC,Natural Health Trends Corp. Common Stock
NI,NiSource Inc Common Stock
NIC,Nicolet Bankshares Inc. Common Stock
NIE,Virtus Equity & Convertible Income Fund Common Shares of Beneficial Interest
NIKI,Niki BioSolutions Inc. Common Stock
NIM,Nuveen Select Maturities Municipal Fund Common Stock
NINE,Nine Energy Service Inc. Common Stock
NIQ,NIQ Global Intelligence plc Ordinary Shares
NIVF,NewGenIvf Group Limited Class A Ordinary Shares
NIXX,Nixxy Inc. Common Stock
NJR,NewJersey Resources Corporation Common Stock
NKE,Nike Inc. Common Stock
NKLR,Terra Innovatum Global N.V. Ordinary shares
NKSH,National Bankshares Inc. Common Stock
NKTR,Nektar Therapeutics  Common Stock
NKTX,Nkarta Inc. Common Stock
NKX,Nuveen California AMT-Free Quality Municipal Income Fund
NL,NLI Holdings Inc. Common Stock
NLOP,Net Lease Office Properties Common Shares of Beneficial Interest
NLY,Annaly Capital Management Inc. Common Stock
NMAD,Nomad Power Solutions Inc. Common Stock
NMAI,Nuveen Multi-Asset Income Fund Common Shares of Beneficial Interest
NMAX,Newsmax Inc. Class B Common Stock
NMCO,Nuveen Municipal Credit Opportunities Fund Common Shares
NMFC,New Mountain Finance Corporation Common Stock
NMFCZ,New Mountain Finance Corporation 8.250% Notes due 2028
NMG,Nouveau Monde Graphite Inc. Common Shares
NMI,Nuveen Municipal Income Fund Inc. Common Stock
NMIH,NMI Holdings Inc. Common Stock
NML,Neuberger Energy Infrastructure and Income Fund Inc. Common Stock
NMM,Navios Maritime Partners LP Common Units Representing Limited Partner Interests
NMRA,Neumora Therapeutics Inc. Common Stock
NMRK,Newmark Group Inc. Class A Common Stock
NMS,Nuveen Minnesota Quality Municipal Income Fund
NMT,Nuveen Massachusetts Quality Municipal Income Fund Common Stock
NMTC,NeuroOne Medical Technologies Corporation Common Stock
NMZ,Nuveen Municipal High Income Opportunity Fund Common Stock $0.01 par value per share
NN,NextNav Inc. Common Stock
NNBR,NN Inc. Common Stock
NNE,Nano Nuclear Energy Inc. Common Stock
NNI,Nelnet Inc. Common Stock
NNN,NNN REIT Inc. Common Stock
NNNN,Anbio Biotechnology Class A Ordinary Shares
NNOX,NANO-X IMAGING LTD Ordinary Shares
NNVC,NanoViricides Inc. Common Stock
NNY,Nuveen New York Municipal Value Fund Common Stock
NOA,North American Construction Group Ltd. Common Shares (no par)
NOC,Northrop Grumman Corporation Common Stock
NODK,NI Holdings Inc. Common Stock
NOEM,CO2 Energy Transition Corp. Common Stock
NOG,Northern Oil and Gas Inc. Common Stock
NOMA,NOMADAR Corp. Class A Common Stock
NOMD,Nomad Foods Limited Ordinary Shares
NOV,NOV Inc. Common Stock
NOVT,Novanta Inc. Common Stock
NOVTU,Novanta Inc. Tangible Equity Units
NOW,ServiceNow Inc. Common Stock
NP,Neptune Insurance Holdings Inc. Class A Common Stock
NPB,Northpointe Bancshares Inc. Common Stock
NPCE,Neuropace Inc. Common Stock
NPCT,Nuveen Core Plus Impact Fund Common Shares of Beneficial Interest
NPK,National Presto Industries Inc. Common Stock
NPKI,NPK International Inc. Common Stock
NPO,Enpro Inc. Common Stock
NPT,Texxon Holding Limited Ordinary shares
NPV,Nuveen Virginia Quality Municipal Income Fund Common Stock
NPWR,NET Power Inc. Class A Common Stock
NRC,NRC Health Common Stock
NRDS,NerdWallet Inc. Class A Common Stock
NRDY,Nerdy Inc. Class A Common Stock
NREF,NexPoint Real Estate Finance Inc. Common Stock
NRG,NRG Energy Inc. Common Stock
NRGV,Energy Vault Holdings Inc. Common Stock
NRIM,Northrim BanCorp Inc Common Stock
NRIX,Nurix Therapeutics Inc. Common stock
NRK,Nuveen New York AMT-Free Quality Municipal Income Fund
NRO,Neuberger Real Estate Securities Income Fund Inc. Common Stock
NRP,Natural Resource Partners LP Limited Partnership
NRSN,NeuroSense Therapeutics Ltd. Ordinary Shares
NRT,North European Oil Royality Trust Common Stock
NRUC,National Rural Utilities Cooperative Finance Corporation 5.500% Subordinated Notes due 2064 (Subordinated Deferrable Interest Notes)
NRXP,NRX Pharmaceuticals Inc. Common Stock
NRXS,Neuraxis Inc. Common Stock
NSC,Norfolk Southern Corporation Common Stock
NSIT,Insight Enterprises Inc. Common Stock
NSLR,Neostellar Capital Corp. Common Stock
NSLRL,Neostellar Capital Corp. 6.00% Notes due 2026
NSP,Insperity Inc. Common Stock
NSPR,InspireMD Inc. Common Stock
NSRX,Nasus Pharma Ltd. Ordinary Shares
NSSC,NAPCO Security Technologies Inc. Common Stock
NSTS,NSTS Bancorp Inc. Common Stock
NSYS,Nortech Systems Incorporated Common Stock
NTAP,NetApp Inc. Common Stock
NTB,Bank of N.T. Butterfield & Son Limited (The) Voting Ordinary Shares
NTCL,NETCLASS TECHNOLOGY INC Class A Ordinary Shares
NTCT,NetScout Systems Inc. Common Stock
NTGR,NETGEAR Inc. Common Stock
NTHI,NeOnc Technologies Holdings Inc. Common Stock
NTIC,Northern Technologies International Corporation Common Stock
NTIP,Network-1 Technologies Inc. Common Stock
NTLA,Intellia Therapeutics Inc. Common Stock
NTNX,Nutanix Inc. Class A Common Stock
NTR,Nutrien Ltd. Common Shares
NTRA,Natera Inc. Common Stock
NTRB,Nutriband Inc. Common Stock
NTRP,NextTrip Inc. Common Stock
NTRS,Northern Trust Corporation Common Stock
NTSK,Netskope Inc. Class A Common Stock
NTST,NetSTREIT Corp. Common Stock
NTWK,NetSol Technologies Inc. Common  Stock
NTZ,Natuzzi S.p.A.
NU,Nu Holdings Ltd. Class A Ordinary Shares
NUAI,New Era Energy & Digital Inc. Common Stock
NUAIW,New Era Energy & Digital Inc. Warrants
NUCL,Eagle Nuclear Energy Corp. Common stock
NUCLW,Eagle Nuclear Energy Corp. Warrants
NUE,Nucor Corporation Common Stock
NUR,Nuran Wireless Inc. Common Shares
NUS,Nu Skin Enterprises Inc. Common Stock
NUTX,Nutex Health Inc. Common Stock
NUV,Nuveen Municipal Value Fund Inc. Common Stock
NUVB,Nuvation Bio Inc. Class A Common Stock
NUW,Nuveen AMT-Free Municipal Value Fund
NUWE,Nuwellis Inc. Common Stock
NVA,Nova Minerals Corp Common Stock
NVAX,Novavax Inc. Common Stock
NVCR,NovoCure Limited Ordinary Shares
NVCT,Nuvectis Pharma Inc. Common Stock
NVDA,NVIDIA Corporation Common Stock
NVEC,NVE Corporation Common Stock
NVG,Nuveen AMT-Free Municipal Credit Income Fund
NVGS,Navigator Holdings Ltd. Ordinary Shares (Marshall Islands)
NVMI,Nova Ltd. Ordinary Shares
NVNI,Nvni Group Limited Ordinary Shares
NVNIW,Nvni Group Limited Warrants
NVNO,enVVeno Medical Corporation Common Stock
NVO,Novo Nordisk A/S Common Stock
NVR,NVR Inc. Common Stock
NVRI,Enviri Corporation Common Stock
NVS,Novartis AG Common Stock
NVST,Envista Holdings Corporation Common Stock
NVT,nVent Electric plc Ordinary Shares
NVTS,Navitas Semiconductor Corporation Common Stock
NVX,NOVONIX Limited American Depository Shares
NWBI,Northwest Bancshares Inc. Common Stock
NWE,NorthWestern Energy Group Inc. Common Stock
NWFL,Norwood Financial Corp. Common Stock
NWL,Newell Brands Inc. Common Stock
NWN,Northwest Natural Holding Company Common Stock
NWPX,NWPX Infrastructure Inc. Common Stock
NWS,News Corporation Class B Common Stock
NWSA,News Corporation Class A Common Stock
NWTG,Newton Golf Company Inc. Common Stock
NX,Quanex Building Products Corporation Common Stock
NXB,NextBoat Inc. Common Stcok
NXDR,Nextdoor Holdings Inc. Class A Common Stock
NXDT,NexPoint Diversified Real Estate Trust Common Stock
NXE,Nexgen Energy Ltd. Common Shares
NXG,NXG NextGen Infrastructure Income Fund Common Shares of Beneficial Interest
NXGL,NexGel Inc Common Stock
NXH,Neighborhood Intelligence Inc. Common Stock
NXL,Nexalin Technology Inc. Common Stock
NXP,Nuveen Select Tax Free Income Portfolio Common Stock
NXPI,NXP Semiconductors N.V. Common Stock
NXPL,NextPlat Corp Common Stock
NXRT,NexPoint Residential Trust Inc. Common Stock
NXST,Nexstar Media Group Inc. Common Stock
NXT,Nextpower Inc. Class A Common Stock
NXTC,NextCure Inc. Common Stock
NXTS,Nexentis Technologies Inc. Common Stock
NXTT,Next Technology Holding Inc. Ordinary Shares
NXXT,NextNRG Inc. Common Stock
NYAX,Nayax Ltd. Ordinary Shares
NYC,American Strategic Investment Co. Class A Common Stock
NYT,New York Times Company (The) Common Stock
NYXH,Nyxoah SA Ordinary Shares
NZF,Nuveen Municipal Credit Income Fund
O,Realty Income Corporation Common Stock
OABI,OmniAb Inc. Common Stock
OBAI,Our Bond Inc. Common Stock
OBDC,Blue Owl Capital Corporation Common Stock
OBE,Obsidian Energy Ltd. Common Shares
OBIO,Orchestra BioMed Holdings Inc. Ordinary Shares
OBK,Origin Bancorp Inc. Common Stock
OBT,Orange County Bancorp Inc. Common Stock
OBX,Obsidian Therapeutics Inc. Common Stock
OC,Owens Corning Inc Common Stock New
OCC,Optical Cable Corporation Common Stock
OCCI,OFS Credit Company Inc. Common Stock
OCFC,OceanFirst Financial Corp. Common Stock
OCG,Oriental Culture Holding LTD Ordinary Shares
OCGN,Ocugen Inc. Common Stock
OCS,Oculis Holding AG Ordinary shares
OCSAW,Oculis Holding AG Warrants
OCSL,Oaktree Specialty Lending Corporation Common Stock
OCTV,Octave Intelligence plc Class B Ordinary Shares
OCUL,Ocular Therapeutix Inc. Common Stock
ODC,Oil-Dri Corporation Of America Common Stock
ODD,ODDITY Tech Ltd. Class A Ordinary Shares
ODFL,Old Dominion Freight Line Inc. Common Stock
ODTX,Odyssey Therapeutics Inc. Common Stock
ODYS,Odysight.ai Inc. Common Stock
OEC,Orion S.A. Common Shares
OESX,Orion Energy Systems Inc. Common Stock
OFAL,OFA Group Class A Ordinary Shares
OFG,OFG Bancorp Common Stock
OFIX,Orthofix Medical Inc. Common Stock (DE)
OFLX,Omega Flex Inc. Common Stock
OFRM,Once Upon a Farm PBC Common Stock
OFS,OFS Capital Corporation Common Stock
OFSSH,OFS Capital Corporation 4.95% Notes due 2028
OFSSO,OFS Capital Corporation 7.50% Notes due 2028
OGC,OceanaGold Corporation Common Shares
OGE,OGE Energy Corp Common Stock
OGEN,Oragenics Inc. Common Stock
OGG,Osisko Gold Group Inc. Common Shares
OGI,Organigram Global Inc. Common Shares
OGN,Organon & Co. Common Stock
OGS,ONE Gas Inc. Common Stock
OHI,Omega Healthcare Investors Inc. Common Stock
OI,O-I Glass Inc. Common Stock
OIA,Invesco Municipal Income Opportunities Trust Common Stock
OII,Oceaneering International Inc. Common Stock
OIO,OIO Group Ordinary Shares
OIOWW,OIO Group Warrants
OIS,Oil States International Inc. Common Stock
OKE,ONEOK Inc. Common Stock
OKLO,Oklo Inc. Class A common stock
OKTA,Okta Inc. Class A Common Stock
OKUR,OnKure Therapeutics Inc. Class A Common Stock
OKYO,OKYO Pharma Limited Ordinary Shares
OLB,The OLB Group Inc. Common Stock
OLED,Universal Display Corporation Common Stock
OLLI,Ollie's Bargain Outlet Holdings Inc. Common Stock
OLMA,Olema Pharmaceuticals Inc. Common Stock
OLN,Olin Corporation Common Stock
OLOX,Olenox Industries Inc. Common Stock
OLP,One Liberty Properties Inc. Common Stock
OM,Outset Medical Inc. Common Stock
OMAB,Grupo Aeroportuario del Centro Norte S.A.B. de C.V. ADS
OMC,Omnicom Group Inc. Common Stock
OMCL,Omnicell Inc. Common Stock ($0.001 par value)
OMDA,Omada Health Inc. Common Stock
OMER,Omeros Corporation Common Stock
OMEX,Odyssey Marine Exploration Inc. Common Stock
OMF,OneMain Holdings Inc. Common Stock
OMH,Ohmyhome Limited Class A Ordinary Shares
OMSE,OMS Energy Technologies Inc. Ordinary Shares
ON,ON Semiconductor Corporation Common Stock
ONB,Old National Bancorp Common Stock
ONCO,Onconetix Inc. Common Stock
ONCY,Oncolytics Biotech Inc. Common Stock
ONDS,Ondas Inc. Common Stock
ONEG,OneConstruction Group Limited Ordinary Shares
ONEW,OneWater Marine Inc. Class A Common Stock
ONFO,Onfolio Holdings Inc. Common Stock
ONIT,Onity Group Inc. Common Stock
ONL,Orion Properties Inc. Common Stock
ONMD,OneMedNet Corp Class A Common Stock
ONON,On Holding AG Class A Ordinary Shares
ONT,Onterris Inc. Common Stock
ONTO,Onto Innovation Inc. Common Stock
OOMA,Ooma Inc. Common Stock
OPAD,Offerpad Solutions Inc. Class A Common Stock
OPAL,OPAL Fuels Inc. Class A Common Stock
OPBK,OP Bancorp Common Stock
OPCH,Option Care Health Inc. Common Stock
OPEN,Opendoor Technologies Inc Common Stock
OPFI,OppFi Inc. Class A Common Stock
OPHC,OptimumBank Holdings Inc. Common Stock
OPI,Office Properties Income Trust Common shares of beneficial interest
OPK,OPKO Health Inc. Common Stock
OPLN,OPENLANE Inc. Common Stock
OPP,RiverNorth/DoubleLine Strategic Opportunity Fund Inc. Common Stock
OPRT,Oportun Financial Corporation Common Stock
OPRX,OptimizeRx Corporation Common Stock
OPTH,Optimi Health Corp. Common Shares
OPTT,Ocean Power Technologies Inc. Common Stock
OPTU,Optimum Communications Inc. Class A common stock
OPTX,Syntec Optics Holdings Inc. Class A Common Stock
OPXS,Optex Systems Holdings Inc. Common Stock
OPY,Oppenheimer Holdings Inc. Class A Common Stock (DE)
OR,OR Royalties Inc. Common Shares
ORA,Ormat Technologies Inc. Common Stock
ORBS,Eightco Holdings Inc. Common Stock
ORC,Orchid Island Capital Inc. Common Stock
ORCL,Oracle Corporation Common Stock
ORGO,Organogenesis Holdings Inc. Class A Common Stock
ORI,Old Republic International Corporation Common Stock
ORIC,Oric Pharmaceuticals Inc. Common Stock
ORIO,Orion Digital Corp. Common Shares
ORIQ,Origin Investment Corp I Ordinary Shares
ORIQU,Origin Investment Corp I Units
ORKA,Oruka Therapeutics Inc. Common Stock
ORKT,Orangekloud Technology Inc. Class A Ordinary Shares
ORLY,O'Reilly Automotive Inc. Common Stock
ORMP,Oramed Pharmaceuticals Inc. Common Stock
ORN,Orion Group Holdings Inc. Common
ORRF,Orrstown Financial Services Inc. Common Stock
OSBC,Old Second Bancorp Inc. Common Stock
OSCR,Oscar Health Inc. Class A Common Stock
OSG,Octave Specialty Group Inc. Common Stock
OSIS,OSI Systems Inc. Common Stock (DE)
OSK,Oshkosh Corporation (Holding Company)Common Stock
OSPN,OneSpan Inc. Common Stock
OSRH,OSR Health Inc. Common Stock
OSS,One Stop Systems Inc. Common Stock
OSTX,OS Therapies Incorporated Common Stock
OSUR,OraSure Technologies Inc. Common Stock
OSW,OneSpaWorld Holdings Limited Common Shares
OTEX,Open Text Corporation Common Shares
OTF,Blue Owl Technology Finance Corp. Common Stock
OTIS,Otis Worldwide Corporation Common Stock
OTLK,Outlook Therapeutics Inc. Common Stock
OTTR,Otter Tail Corporation Common Stock
OUST,Ouster Inc. Common Stock
OUT,OUTFRONT Media Inc. Common Stock
OVBC,Ohio Valley Banc Corp. Common Stock
OVID,Ovid Therapeutics Inc. Common Stock
OVLY,Oak Valley Bancorp (CA) Common Stock
OVV,Ovintiv Inc. (DE)
OWL,Blue Owl Capital Inc. Class A Common Stock
OWLS,OBOOK Holdings Inc. Class A Common Shares
OWLT,Owlet Inc. Class A Common Stock
OXBR,Oxbridge Re Holdings Limited Ordinary Shares
OXLC,Oxford Lane Capital Corp. Common Stock
OXLCG,Oxford Lane Capital Corp. 7.95% Notes due 2032
OXLCI,Oxford Lane Capital Corp. 8.75% Notes due 2030
OXLCL,Oxford Lane Capital Corp. 6.75% Notes due 2031
OXLCZ,Oxford Lane Capital Corp. 5.00% Notes due 2027
OXM,Oxford Industries Inc. Common Stock
OXSQ,Oxford Square Capital Corp. Common Stock
OXSQG,Oxford Square Capital Corp. 5.50% Notes due 2028
OXSQH,Oxford Square Capital Corp. 7.75% Notes due 2030
OXY,Occidental Petroleum Corporation Common Stock
OZ,Belpointe PREP LLC Class A Units
OZK,Bank OZK Common Stock
P,Everpure Inc. Class A common stock
PAA,Plains All American Pipeline L.P. Common Units representing Limited Partner Interests
PAAS,Pan American Silver Corp. Common Stock
PAC,Grupo Aeroportuario Del Pacifico S.A. B. de C.V. Grupo Aeroportuario Del Pacifico S.A. de C.V. (each representing 10 Series B shares)
PACB,Pacific Biosciences of California Inc. Common Stock
PACK,Ranpak Holdings Corp Class A Common Stock
PACS,PACS Group Inc. Common Stock
PAG,Penske Automotive Group Inc. Common Stock
PAGP,Plains GP Holdings L.P. Class A Units representing Limited Partner Interests
PAGS,PagSeguro Digital Ltd. Class A Common Shares
PAHC,Phibro Animal Health Corporation Class A Common Stock
PAI,Western Asset Investment Grade Income Fund Inc.
PAL,Proficient Auto Logistics Inc. Common Stock
PALI,Palisade Bio Inc. Common Stock
PAM,Pampa Energia S.A.
PAMT,PAMT CORP Common Stock
PANL,Pangaea Logistics Solutions Ltd. Common Shares
PANW,Palo Alto Networks Inc. Common Stock
PAPL,Pineapple Financial Inc. Common Stock
PAR,PAR Technology Corporation Common Stock
PARA,Banzai International Inc. Class A Common Stock
PARK,Park Dental Partners Inc. Common Stock
PARR,Par Pacific Holdings Inc.  Common Stock
PASG,Passage Bio Inc. Common Stock
PASW,Ping An Biomedical Co. Ltd. Class A Ordinary Shares
PATH,UiPath Inc. Class A Common Stock
PATK,Patrick Industries Inc. Common Stock
PAVM,PAVmed Inc. Common Stock
PAVS,Paranovus Entertainment Technology Ltd. Class A Ordinary Shares
PAX,Patria Investments Limited Class A Common Shares
PAXS,PIMCO Access Income Fund Common Shares of Beneficial Interest
PAY,Paymentus Holdings Inc. Class A Common Stock
PAYC,Paycom Software Inc. Common Stock
PAYO,Payoneer Global Inc. Common Stock
PAYP,PayPay Corporation American Depository Shares
PAYS,Paysign Inc. Common Stock
PAYX,Paychex Inc. Common Stock
PB,Prosperity Bancshares Inc. Common Stock
PBA,Pembina Pipeline Corp. Ordinary Shares (Canada)
PBAM,Private Bancorp of America Inc. Common Stock
PBF,PBF Energy Inc. Class A Common Stock
PBFS,Pioneer Bancorp Inc. Common Stock
PBH,Prestige Consumer Healthcare Inc. Common Stock
PBHC,Pathfinder Bancorp Inc. Common Stock (MD)
PBI,Pitney Bowes Inc. Common Stock
PBK,PowerBank Corporation Common Stock
PBLS,Parabilis Medicines Inc. Common Stock
PBM,Psyence Biomedical Ltd. Common Shares
PBR,Petroleo Brasileiro S.A. Petrobras ADS
PBT,Permian Basin Royalty Trust Common Stock
PBYI,Puma Biotechnology Inc Common Stock
PCAR,PACCAR Inc. Common Stock
PCB,PCB Bancorp Common Stock
PCF,High Income Securities Fund Common Stock
PCG,Pacific Gas & Electric Co. Common Stock
PCM,PCM Fund Inc. Common Stock
PCN,Pimco Corporate & Income Strategy Fund Common Stock
PCOR,Procore Technologies Inc. Common Stock
PCQ,PIMCO California Municipal Income Fund Common Stock
PCRX,Pacira BioSciences Inc. Common Stock
PCSA,Processa Pharmaceuticals Inc. Common Stock
PCT,PureCycle Technologies Inc. Common stock
PCTY,Paylocity Holding Corporation Common Stock
PCVX,Vaxcyte Inc. Common Stock
PCYO,Pure Cycle Corporation Common Stock
PD,PagerDuty Inc. Common Stock
PDCC,Pearl Diver Credit Company Inc. Common Stock
PDEX,Pro-Dex Inc. Common Stock
PDFS,PDF Solutions Inc. Common Stock
PDI,PIMCO Dynamic Income Fund Common Stock
PDLB,Ponce Financial Group Inc. Common Stock
PDM,Piedmont Realty Trust Inc. Class A Common Stock
PDO,PIMCO Dynamic Income Opportunities Fund Common Shares of Beneficial Interest
PDS,Precision Drilling Corporation Common Stock
PDSB,PDS Biotechnology Corporation Common Stock
PDT,John Hancock Premium Dividend Fund
PDX,PIMCO Dynamic Income Strategy Fund Common Shares of Beneficial Interest
PDYN,Palladyne AI Corp. Common Stock
PDYNW,Palladyne AI Corp Warrants
PEB,Pebblebrook Hotel Trust Common Shares of Beneficial Interest
PEBK,Peoples Bancorp of North Carolina Inc. Common Stock
PEBO,Peoples Bancorp Inc. Common Stock
PECO,Phillips Edison & Company Inc. Common Stock
PED,Pedevco Corp. Common Stock
PEG,Public Service Enterprise Group Incorporated Common Stock
PEGA,Pegasystems Inc. Common Stock
PEN,Penumbra Inc. Common Stock
PENG,Penguin Solutions Inc. Common Stock
PENN,PENN Entertainment Inc. Common Stock
PEO,Adams Natural Resources Fund Inc. Common Stock
PEP,PepsiCo Inc. Common Stock
PEPG,PepGen Inc. Common Stock
PERF,Perfect Corp. Class A Ordinary Share
PERI,Perion Network Ltd. Ordinary Shares
PESI,Perma-Fix Environmental Services Inc. Common Stock
PETS,PetMed Express Inc. Common Stock
PETZ,TDH Holdings Inc. Common Shares
PEW,GrabAGun Digital Holdings Inc. Common Stock
PFAI,Pinnacle Food Group Limited Class A Common Shares
PFE,Pfizer Inc. Common Stock
PFG,Principal Financial Group Inc Common Stock
PFGC,Performance Food Group Company Common Stock
PFH,Prudential Financial Inc. 4.125% Junior Subordinated Notes due 2060
PFIS,Peoples Financial Services Corp. Common Stock
PFL,PIMCO Income Strategy Fund Shares of Beneficial Interest
PFLA,PennantPark Floating Rate Capital Ltd. 7.375% Notes Due 2031
PFLT,PennantPark Floating Rate Capital Ltd. Common Stock
PFN,PIMCO Income Strategy Fund II
PFS,Provident Financial Services Inc Common Stock
PFSA,Profusa Inc. Common Stock
PFSI,PennyMac Financial Services Inc. Common Stock
PFX,PhenixFIN Corporation Common Stock
PFXNZ,PhenixFIN Corporation  5.25% Notes due 2028
PG,Procter & Gamble Company (The) Common Stock
PGC,Peapack-Gladstone Financial Corporation Common Stock
PGEN,Precigen Inc. Common Stock
PGNY,Progyny Inc. Common Stock
PGP,Pimco Global StocksPlus & Income Fund Common Shares of Beneficial Interest
PGR,Progressive Corporation (The) Common Stock
PGY,Pagaya Technologies Ltd. Class A Ordinary Shares
PGYWW,Pagaya Technologies Ltd. Warrants
PGZ,Principal Real Estate Income Fund Common Shares of Beneficial Interest
PH,Parker-Hannifin Corporation Common Stock
PHAR,Pharming Group N.V. ADS each representing 10 ordinary shares
PHAT,Phathom Pharmaceuticals Inc. Common Stock
PHG,Koninklijke Philips N.V. NY Registry Shares
PHGE,BiomX Inc. COmmon Stock
PHI,PLDT Inc. Sponsored ADR
PHIN,PHINIA Inc. Common Stock
PHIO,Phio Pharmaceuticals Corp. Common Stock
PHK,Pimco High Income Fund
PHM,PulteGroup Inc. Common Stock
PHOE,Phoenix Asia Holdings Limited Ordinary Shares
PHR,Phreesia Inc. Common Stock
PHUN,Phunware Inc. Common Stock
PHVS,Pharvaris N.V. Ordinary Shares
PI,Impinj Inc. Common Stock
PICS,PicS N.V. Class A Common Shares
PII,Polaris Inc. Common Stock
PIII,P3 Health Partners Inc. Class A Common Stock
PIM,Franklin Master Intermediate Income Trust Shares of Beneficial Interest
PINE,Alpine Income Property Trust Inc. Common Stock
PINS,Pinterest Inc. Class A Common Stock
PIPR,Piper Sandler Companies Common Stock
PJT,PJT Partners Inc. Class A Common Stock
PK,Park Hotels & Resorts Inc. Common Stock
PKBK,Parke Bancorp Inc. Common Stock
PKE,Park Aerospace Corp. Common Stock
PKG,Packaging Corporation of America Common Stock
PKOH,Park-Ohio Holdings Corp. Common Stock
PL,Planet Labs PBC Class A Common Stock
PLAB,Photronics Inc. Common Stock
PLAG,Planet Green Holdings Corp. Common Stock
PLAY,Dave & Buster's Entertainment Inc. Common Stock
PLBC,Plumas Bancorp
PLBL,Polibeli Group Ltd Class A Ordinary Shares
PLBY,Playboy Inc. Common Stock
PLCE,Children's Place Inc. (The) Common Stock
PLD,Prologis Inc. Common Stock
PLG,Platinum Group Metals Ltd. Ordinary Shares (Canada)
PLGO,Pelagos Insurance Capital Limited Common Shares
PLMR,Palomar Holdings Inc. Common stock
PLNT,Planet Fitness Inc. Common Stock
PLOW,Douglas Dynamics Inc. Common Stock
PLPC,Preformed Line Products Company Common Stock
PLRX,Pliant Therapeutics Inc. Common Stock
PLRZ,Polyrizon Ltd. Ordinary Shares
PLSE,Pulse Biosciences Inc Common Stock (DE)
PLSM,Pulsenmore Ltd. Ordinary Shares
PLTK,Playtika Holding Corp. Common Stock
PLTR,Palantir Technologies Inc. Class A Common Stock
PLUG,Plug Power Inc. Common Stock
PLUR,Pluri Inc. Common Stock
PLUS,ePlus inc. Common Stock
PLUT,Plutus Financial Group Limited Ordinary Shares
PLX,Protalix BioTherapeutics Inc. (DE) Common Stock
PLXS,Plexus Corp. Common Stock
PLYX,Polaryx Therapeutics Inc. Common Stock
PM,Philip Morris International Inc Common Stock
PMA,Ming Shing Group Holdings Limited Ordinary Shares
PMAX,Powell Max Limited Class A Ordinary Shares
PMCB,PharmaCyte  Biotech Inc. Common Stock
PMEC,Primech Holdings Ltd. Ordinary Shares
PMI,Picard Medical Inc. Common Stock
PML,Pimco Municipal Income Fund II Common Shares of Beneficial Interest
PMM,Franklin Managed Municipal Income Trust Shares of Beneficial Interest
PMN,ProMIS Neurosciences Inc. Common Shares (ON)
PMO,Franklin Municipal Opportunities Trust Shares of Beneficial Interest
PMT,PennyMac Mortgage Investment Trust Common Shares of Beneficial Interest
PMTS,CPI Card Group Inc. Common Stock
PMTU,PennyMac Mortgage Investment Trust 8.50% Senior Notes due 2028
PMTV,PennyMac Mortgage Investment Trust 9.00% Senior Notes due 2030
PMTW,PennyMac Mortgage Investment Trust 9.00% Senior Notes due 2030
PMVP,PMV Pharmaceuticals Inc. Common Stock
PN,PN Smart Energy Limited Class A Ordinary Shares
PNBK,Patriot National Bancorp Inc. Common Stock
PNC,PNC Financial Services Group Inc. (The) Common Stock
PNFP,Pinnacle Financial Partners Inc. Common stock
PNI,Pimco New York Municipal Income Fund II Common Shares of Beneficial Interest
PNNT,PennantPark Investment Corporation Common Stock
PNR,Pentair plc. Ordinary Share
PNRG,PrimeEnergy Resources Corporation Common Stock
PNTG,The Pennant Group Inc. Common Stock
PNW,Pinnacle West Capital Corporation Common Stock
POAS,Phaos Technology Holdings (Cayman) Limited Class A Ordinary Shares
POCI,Precision Optics Corporation Inc. Common stock
PODC,PodcastOne Inc. Common Stock
PODD,Insulet Corporation Common Stock
POET,POET Technologies Inc. Common Shares
POLA,Polar Power Inc. Common Stock
PONO,Pono Capital Four Inc. Class A Ordinary Shares
PONOR,Pono Capital Four Inc. Rights
PONOU,Pono Capital Four Inc. Units
POOL,Pool Corporation Common Stock
POR,Portland General Electric Co Common Stock
POST,Post Holdings Inc. Common Stock
POWI,Power Integrations Inc. Common Stock
POWL,Powell Industries Inc. Common Stock
POWW,Outdoor Holding Company Common Stock
PPC,Pilgrim's Pride Corporation Common Stock
PPCB,Propanc Biopharma Inc. Common Stock
PPG,PPG Industries Inc. Common Stock
PPHC,Public Policy Holding Company Inc. Common Stock
PPIH,Perma-Pipe International Holdings Inc. Common Stock
PPL,PPL Corporation Common Stock
PPLC,PPL Corporation Corporate Units
PPLI,People Incorporated Common Stock
PPSI,Pioneer Power Solutions Inc. Common Stock
PPT,Franklin Premier Income Trust Shares of Beneficial Interest
PPTA,Perpetua Resources Corp. Common Shares
PR,Permian Resources Corporation Class A Common Stock
PRAA,PRA Group Inc. Common Stock
PRAX,Praxis Precision Medicines Inc. Common Stock
PRCH,Porch Group Inc. Common Stock
PRCT,PROCEPT BioRobotics Corporation Common Stock
PRDO,Perdoceo Education Corporation Common Stock
PRE,Prenetics Global Limited Class A Ordinary Share
PRFX,PRF Technologies Ltd. Ordinary Shares
PRG,PROG Holdings Inc. Common Stock
PRGO,Perrigo Company plc Ordinary Shares
PRGS,Progress Software Corporation Common Stock (DE)
PRH,Prudential Financial Inc. 5.950% Junior Subordinated Notes due 2062
PRHI,Presurance Holdings Inc. Common Stock
PRI,Primerica Inc. Common Stock
PRIM,Primoris Services Corporation Common Stock
PRK,Park National Corporation Common Stock
PRKS,United Parks & Resorts Inc. Common Stock
PRLB,Proto Labs Inc. Common stock
PRLD,Prelude Therapeutics Incorporated Common Stock
PRM,Perimeter Solutions SA Common Stock
PRMB,Primo Brands Corporation Class A Common Stock
PRME,Prime Medicine Inc. Common Stock
PROF,Profound Medical Corp. Common Stock
PROK,ProKidney Corp. Class A Ordinary Shares
PROP,Prairie Operating Co. Common Stock
PROV,Provident Financial Holdings Inc. Common Stock
PRPL,Purple Innovation Inc. Common Stock
PRPO,Precipio Inc.  Common Stock
PRQR,ProQR Therapeutics N.V. Ordinary Shares
PRS,Prudential Financial Inc. 5.625% Junior Subordinated Notes due 2058
PRSO,Peraso Inc. Common Stock
PRSU,Pursuit Attractions and Hospitality Inc. Common Stock
PRT,PermRock Royalty Trust Units of Beneficial Interest
PRTA,Prothena Corporation plc Ordinary Shares
PRTH,Priority Technology Holdings Inc. Common Stock
PRTS,CarParts.com Inc. Common Stock
PRU,Prudential Financial Inc. Common Stock
PRVA,Privia Health Group Inc. Common Stock
PRZO,ParaZero Technologies Ltd. Ordinary Shares
PS,Pershing Square Inc. Common Stock
PSA,Public Storage Common Stock
PSBD,Palmer Square Capital BDC Inc. Common Stock
PSEC,Prospect Capital Corporation Common Stock
PSFE,Paysafe Limited Common Shares
PSHG,Performance Shipping Inc. Common Shares
PSIG,PS International Group Ltd. Ordinary Shares
PSIX,Power Solutions International Inc. Common Stock
PSKY,Paramount Skydance Corporation Class B Common Stock
PSMT,PriceSmart Inc. Common Stock
PSN,Parsons Corporation Common Stock
PSNL,Personalis Inc. Common Stock
PSNY,Polestar Automotive Holding UK PLC Class A ADS
PSNYW,Polestar Automotive Holding UK PLC Class C-1 ADS (ADW)
PSO,Pearson Plc Common Stock
PSQH,PSQ Holdings Inc. Class A Common Stock
PSTL,Postal Realty Trust Inc. Class A Common Stock
PSUS,Pershing Square USA Ltd. Common Shares
PSX,Phillips 66 Common Stock
PTC,PTC Inc. Common Stock
PTCT,PTC Therapeutics Inc. Common Stock
PTEN,Patterson-UTI Energy Inc. Common Stock
PTGX,Protagonist Therapeutics Inc. Common Stock
PTHS,Pelthos Therapeutics Inc. Common Stock
PTLE,PTL LTD Class A Ordinary Shares
PTLO,Portillo's Inc. Class A Common Stock
PTN,Palatin Technologies Inc. Common Stock
PTON,Peloton Interactive Inc. Class A Common Stock
PTRN,Pattern Group Inc. Series A Common Stock
PTY,Pimco Corporate & Income Opportunity Fund
PUBM,PubMatic Inc. Class A Common Stock
PUK,Prudential Public Limited Company Common Stock
PULM,Pulmatrix Inc. Common Stock
PUMP,ProPetro Holding Corp. Common Stock
PURR,Hyperliquid Strategies Inc Common Stock
PUSA,Aureus Greenway Holdings Inc. Common Stock
PVH,PVH Corp. Common Stock
PVL,Permianville Royalty Trust Units of Beneficial Interest
PVLA,Palvella Therapeutics Inc. Common Stock
PW,Power REIT (MD) Common Stock
PWCM,PowerCompute Inc. Common Stock
PWP,Perella Weinberg Partners Class A Common Stock
PWR,Quanta Services Inc. Common Stock
PWRL,Powerlaw Corp. Common Stock
PXED,Phoenix Education Partners Inc. Common Stock
PXLW,Pixelworks Inc.  Common Stock
PXS,Pyxis Tankers Inc. Common Stock
PYPD,PolyPid Ltd. Ordinary Shares
PYPL,PayPal Holdings Inc. Common Stock
PYT,PPlus Tr GSC-2 Tr Ctf Fltg Rate
PYXS,Pyxis Oncology Inc. Common Stock
PZG,Paramount Gold Nevada Corp. Common Stock
PZZA,Papa John's International Inc. Common Stock
Q,Qnity Electronics Inc. Common Stock
QBTS,D-Wave Quantum Inc. Common Stock
QCLS,Q/C Technologies Inc. Common Stock
QCOM,QUALCOMM Incorporated Common Stock
QCRH,QCR Holdings Inc. Common Stock
QDEL,QuidelOrtho Corporation Common Stock
QGEN,Qiagen N.V. Common Shares
QH,Quhuo Limited Class A Ordinary Shares
QLYS,Qualys Inc. Common Stock
QMCO,Quantum Corporation Common Stock
QMLS,QumulusAI Inc. Common Stock
QNC,Quantum eMotion Corp. Common Shares
QNCX,Quince Therapeutics Inc. Common Stock
QNME,Quanome Technologies Inc. Common Stock
QNST,QuinStreet Inc. Common Stock
QNT,Quantinuum Inc. Class A Common Stock
QNTM,Quantum Biopharma Ltd. Class B Subordinate Voting Shares
QQQX,Nuveen NASDAQ 100 Dynamic Overwrite Fund Shares of Beneficial Interest
QRHC,Quest Resource Holding Corporation Common Stock
QRVO,Qorvo Inc. Common Stock
QS,QuantumScape Corporation Class A Common Stock
QSI,Quantum-Si Incorporated Class A Common Stock
QSR,Restaurant Brands International Inc. Common Shares
QTEX,QTREX Quantum Ltd. Ordinary Shares
QTI,QT Imaging Holdings Inc. Common Stock
QTRX,Quanterix Corporation Common Stock
QTTB,Q32 Bio Inc. Common Stock
QTWO,Q2 Holdings Inc. Common Stock
QUAD,Quad Graphics Inc Class A Common Stock
QUBT,Quantum Computing Inc. Common Stock
QUCY,Quantum Cyber N.V. Ordinary Shares
QUIK,QuickLogic Corporation Common Stock
QURE,uniQure N.V. Ordinary Shares
QVCG,QVC Group Inc. Common Stock
QXL,Quantum X Labs Inc. Common Stock
QXO,QXO Inc. Common Stock
R,Ryder System Inc. Common Stock
RA,Brookfield Real Assets Income Fund Inc. Common Stock
RACC,Research Alliance Corporation III Class A Ordinary Shares
RACD,Research Alliance Corporation IV Class A Ordinary Shares
RACE,Ferrari N.V. Common Shares
RAIL,FreightCar America Inc. Common Stock
RAIN,Rain Enhancement Technologies Holdco Inc. Class A Common Stock
RAL,Ralliant Corporation Common Stock
RAMP,LiveRamp Holdings Inc. Common Stock
RAND,Rand Capital Corporation Common Stock
RANI,Rani Therapeutics Holdings Inc. Class A Common Stock
RAPP,Rapport Therapeutics Inc. Common Stock
RARE,Ultragenyx Pharmaceutical Inc. Common Stock
RAVE,Rave Restaurant Group Inc. Common Stock
RAY,Raytech Holding Limited Ordinary Shares
RAYA,Erayak Power Solution Group Inc. Class A Ordinary Shares
RBA,RB Global Inc. Common Stock
RBB,RBB Bancorp Common Stock
RBBN,Ribbon Communications Inc. Common Stock
RBC,RBC Bearings Incorporated Common Stock
RBCAA,Republic Bancorp Inc. Class A Common Stock
RBKB,Rhinebeck Bancorp Inc. Common Stock
RBLX,Roblox Corporation Class A Common Stock
RBNE,Robin Energy Ltd. Common Stock
RBRK,Rubrik Inc. Class A Common Stock
RC,Ready Capital Corporation Common Stock
RCAT,Red Cat Holdings Inc. Common Stock
RCBC,River City Bank Common stock
RCD,Ready Capital Corporation 9.00% Senior Notes due 2029
RCEL,Avita Medical Inc. Common Stock
RCG,RENN Fund Inc Common Stock
RCI,Rogers Communication Inc. Common Stock
RCKT,Rocket Pharmaceuticals Inc. Common Stock
RCKY,Rocky Brands Inc. Common Stock
RCL,Royal Caribbean Cruises Ltd. Common Stock
RCMT,RCM Technologies Inc. Common Stock
RCON,Recon Technology Ltd. Class A Ordinary Shares
RCS,PIMCO Strategic Income Fund Inc.
RCT,RedCloud Holdings plc Ordinary Shares
RCUS,Arcus Biosciences Inc. Common Stock
RDCM,Radcom Ltd. Ordinary Shares
RDDT,Reddit Inc. Class A Common Stock
RDGT,Ridgetech Inc. Ordinary Shares
RDI,Reading International Inc Class A Common Stock
RDIB,Reading International Inc Class B Common Stock
RDN,Radian Group Inc. Common Stock
RDNT,RadNet Inc. Common Stock
RDNW,RideNow Group Inc. Class B Common Stock
RDVT,Red Violet Inc. Common Stock
RDW,Redwire Corporation Common Stock
RDWR,Radware Ltd. Ordinary Shares
RDY,Dr. Reddy's Laboratories Ltd Common Stock
RDZN,Roadzen Inc. Ordinary Shares
RDZNW,Roadzen Inc. Warrants
REA,Rare Earths Americas Inc. Common Stock
REAL,The RealReal Inc. Common Stock
REAX,The Real Brokerage Inc. Common Shares
REBN,Reborn Coffee Inc. Common Stock
RECT,Rectitude Holdings Ltd Ordinary Shares
REED,Reed's Inc. Common Stock
REF,Reformation Inc. Common Stock
REFI,Chicago Atlantic Real Estate Finance Inc. Common Stock
REFR,Research Frontiers Incorporated Common Stock
REG,Regency Centers Corporation Common Stock
REGN,Regeneron Pharmaceuticals Inc. Common Stock
REI,Ring Energy Inc. Common Stock
REKR,Rekor Systems Inc. Common Stock
RELL,Richardson Electronics Ltd. Common Stock
RELY,Remitly Global Inc. Common Stock
RENT,Rent the Runway Inc. Class A Common Stock
RENX,RenX Enterprises Corp. Common Stock
REPL,Replimune Group Inc. Common Stock
REPX,Riley Exploration Permian Inc. Common Stock
RES,RPC Inc. Common Stock
RETO,ReTo Eco-Solutions Inc. Class A Shares
REVB,Revelation Biosciences Inc. Common Stock
REX,REX American Resources Corporation
REXR,Rexford Industrial Realty Inc. Common Stock
REYN,Reynolds Consumer Products Inc. Common Stock
REZI,Resideo Technologies Inc. Common Stock
RF,Regions Financial Corporation Common Stock
RFI,Cohen & Steers Total Return Realty Fund Inc. Common Stock
RFIL,RF Industries Ltd. Common Stock
RFL,Rafael Holdings Inc. Class B Common Stock
RFM,RiverNorth Flexible Municipal Income Fund Inc. Common Stock
RFMZ,RiverNorth Flexible Municipal Income Fund II Inc. Common Stock
RGA,Reinsurance Group of America Incorporated Common Stock
RGC,Regencell Bioscience Holdings Limited Ordinary Shares
RGCO,RGC Resources Inc. Common Stock
RGEN,Repligen Corporation Common Stock
RGLD,Royal Gold Inc. Common Stock
RGNT,Regentis Biomaterials Ltd. Ordinary Shares
RGNX,REGENXBIO Inc. Common Stock
RGP,Resources Connection Inc. Common Stock
RGR,Sturm Ruger & Company Inc. Common Stock
RGS,Regis Corporation Common Stock
RGT,Royce Global Trust Inc. Common Stock
RGTI,Rigetti Computing Inc. Common Stock
RGTIW,Rigetti Computing Inc. Warrants
RH,RH Common Stock
RHI,Robert Half Inc. Common Stock
RHLD,Resolute Holdings Management Common Stock
RHP,Ryman Hospitality Properties Inc. (REIT)
RICK,RCI Hospitality Holdings Inc. Common Stock
RIG,Transocean Ltd (Switzerland) Common Stock
RIGL,Rigel Pharmaceuticals Inc. Common Stock
RILY,BRC Group Holdings Inc. Common Stock
RILYG,BRC Group Holdings Inc. 5.00% Senior Notes due 2026
RILYN,BRC Group Holdings Inc. 6.50% Senior Notes Due 2026
RILYT,BRC Group Holdings Inc. 6.00% Senior Notes Due 2028
RILYZ,BRC Group Holdings Inc. 5.25% Senior Notes due 2028
RIME,Algorhythm Holdings Inc. Common Stock
RIO,Rio Tinto Plc Common Stock
RIOT,Riot Platforms Inc. Common Stock
RITM,Rithm Capital Corp. Common Stock
RITR,Reitar Logtech Holdings Limited Ordinary shares
RIV,RiverNorth Opportunities Fund Inc. Common Stock
RIVN,Rivian Automotive Inc. Class A Common Stock
RJET,Republic Airways Holdings Inc. Common Stock
RJF,Raymond James Financial Inc. Common Stock
RKDA,Arcadia Biosciences Inc. Common Stock
RKLB,Rocket Lab Corporation Common Stock
RKT,Rocket Companies Inc. Class A Common Stock
RKTO,Rocket One Inc. Common Stock
RL,Ralph Lauren Corporation Common Stock
RLAY,Relay Therapeutics Inc. Common Stock
RLGT,Radiant Logistics Inc. Common Stock
RLI,RLI Corp. Common Stock (DE)
RLJ,RLJ Lodging Trust Common Shares of Beneficial Interest $0.01 par value
RLMD,Relmada Therapeutics Inc. Common Stock
RLTY,Cohen & Steers Real Estate Opportunities and Income Fund Common Shares of Beneficial Interest
RLYB,Rallybio Corporation Common Stock
RM,Regional Management Corp. Common Stock
RMAX,RE/MAX Holdings Inc. Class A Common Stock
RMBI,Richmond Mutual Bancorporation Inc. Common Stock
RMBS,Rambus Inc. Common Stock
RMCF,Rocky Mountain Chocolate Factory Inc. Common Stock
RMCO,Royalty Management Holding Corporation Class A Common Stock
RMD,ResMed Inc. Common Stock
RMI,RiverNorth Opportunistic Municipal Income Fund Inc. Common Stock
RMIX,Suncrete Inc. Class A Common Stock
RMM,RiverNorth Managed Duration Municipal Income Fund Inc. Common Stock
RMMZ,RiverNorth Managed Duration Municipal Income Fund II Inc. Common Stock
RMNI,Rimini Street Inc. (DE) Common Stock
RMR,The RMR Group Inc. Class A Common Stock
RMSG,Real Messenger Corporation Ordinary Shares
RMSGW,Real Messenger Corporation Warrants
RMT,Royce Micro-Cap Trust Inc. Common Stock
RMTI,Rockwell Medical Inc. Common Stock
RNA,Atrium Therapeutics Inc. Common Stock
RNAC,Cartesian Therapeutics Inc. Common Stock
RNAZ,TransCode Therapeutics Inc. Common Stock
RNG,RingCentral Inc. Class A Common Stock
RNGR,Ranger Energy Services Inc. Class A Common Stock
RNR,RenaissanceRe Holdings Ltd. Common Stock
RNST,Renasant Corporation Common Stock
RNTX,Rein Therapeutics Inc. Common Stock
RNW,ReNew Energy Global plc Class A Ordinary Shares
RNXT,RenovoRx Inc. Common Stock
ROAD,Construction Partners Inc. Class A Common Stock
ROC,Rank One Computing Corporation Common stock
ROCK,Gibraltar Industries Inc. Common Stock
ROG,Rogers Corporation Common Stock
ROIV,Roivant Sciences Ltd. Common Shares
ROK,Rockwell Automation Inc. Common Stock
ROKU,Roku Inc. Class A Common Stock
ROL,Rollins Inc. Common Stock
ROLR,High Roller Technologies Inc. Common Stock
ROMA,Roma Green Finance Limited Class A Ordinary Shares
ROOT,Root Inc. Class A Common Stock
ROP,Roper Technologies Inc. Common Stock
ROST,Ross Stores Inc. Common Stock
RPAY,Repay Holdings Corporation Class A Common Stock
RPC,Ridgepost Capital Inc. Class A Common Stock
RPD,Rapid7 Inc. Common Stock
RPGL,Republic Power Group Limited Class A Ordinary Shares
RPID,Rapid Micro Biosystems Inc. Class A Common Stock
RPM,RPM International Inc. Common Stock
RPRX,Royalty Pharma plc Class A Ordinary Shares
RPT,Rithm Property Trust Inc. Common stock
RQI,Cohen & Steers Quality Income Realty Fund Inc Common Shares
RR,Richtech Robotics Inc. Class B Common Stock
RRBI,Red River Bancshares Inc. Common Stock
RRC,Range Resources Corporation Common Stock
RRGB,Red Robin Gourmet Burgers Inc. Common Stock
RRR,Red Rock Resorts Inc. Class A Common Stock
RRX,Regal Rexnord Corporation Common Stock
RS,Reliance Inc. Common Stock
RSF,RiverNorth Capital and Income Fund Common Stock
RSG,Republic Services Inc. Common Stock
RSI,Rush Street Interactive Inc. Class A Common Stock
RSKD,Riskified Ltd. Class A Ordinary Shares
RSSS,Research Solutions Inc Common Stock
RSVR,Reservoir Media Inc. Common Stock
RTB,RTB Digital Inc. Common Stock
RTX,RTX Corporation Common Stock
RUBI,Rubico Inc. Common Stock
RUM,RUM Group Inc. Class A Common Stock
RUN,Sunrun Inc. Common Stock
RUSHA,Rush Enterprises Inc. Common Stock Cl A
RUSHB,Rush Enterprises Inc. Class B
RVI,Robinhood Ventures Fund I Common Shares of Beneficial Interest
RVII,Robinhood Ventures Fund II Common Shares of Beneficial Interest
RVLV,Revolve Group Inc. Class A Common Stock
RVMD,Revolution Medicines Inc. Common Stock
RVP,Retractable Technologies Inc. Common Stock
RVSB,Riverview Bancorp Inc Common Stock
RVSN,Rail Vision Ltd. Ordinary Share
RVT,Royce Small-Cap Trust Inc. Common Stock
RVTY,Revvity Inc. Common Stock
RWAY,Runway Growth Finance Corp. Common Stock
RWAYI,Runway Growth Finance Corp. 7.25% Notes due 2031
RWAYL,Runway Growth Finance Corp. 7.50% Notes due 2027
RWT,Redwood Trust Inc. Common Stock
RWTN,Redwood Trust Inc. 9.125% Senior Notes Due 2029
RWTO,Redwood Trust Inc. 9.00% Senior Notes Due 2029
RWTP,Redwood Trust Inc. 9.125% Senior Notes Due 2030
RWTQ,Redwood Trust Inc. 9.500% Senior Notes Due 2030
RWTS,Redwood Trust Inc. 9.75% Senior Notes Due 2031
RXO,RXO Inc. Common Stock
RXRX,Recursion Pharmaceuticals Inc. Class A Common Stock
RXST,RxSight Inc. Common Stock
RXT,Rackspace Technology Inc. Common Stock
RY,Royal Bank Of Canada Common Stock
RYAM,Rayonier Advanced Materials Inc. Common Stock
RYAN,Ryan Specialty Holdings Inc. Class A Common Stock
RYDE,Ryde Group Ltd. Class A Ordinary Shares
RYET,Ruanyun Edai Technology Inc. Ordinary shares
RYM,RYTHM Inc. Common Stock
RYN,Rayonier Inc. REIT Common Stock
RYOJ,rYojbaba Co. Ltd. Common Shares
RYTM,Rhythm Pharmaceuticals Inc. Common Stock
RYZ,Ryerson Holding Corporation Common Stock
RZC,Reinsurance Group of America Incorporated 7.125% Fixed-Rate Reset Subordinated Debentures due 2052
RZLT,Rezolute Inc. Common Stock (NV)
RZLV,Rezolve AI PLC Ordinary Shares
RZLVW,Rezolve AI PLC Warrants
S,SentinelOne Inc. Class A Common Stock
SA,Seabridge Gold Inc. Common Shares New
SABA,Saba Capital Income & Opportunities Fund II Shares of Beneficial Interest
SABR,Sabre Corporation Common Stock
SABS,SAB Biotherapeutics Inc. Common Stock
SACH,Sachem Capital Corp. Common Shares
SAFE,Safehold Inc. New Common Stock
SAFT,Safety Insurance Group Inc. Common Stock
SAFX,XCF Global Inc. Class A Common Stock
SAGT,SAGTEC GLOBAL LIMITED Class A Ordinary shares
SAH,Sonic Automotive Inc. Common Stock
SAIA,Saia Inc. Common Stock
SAIC,Science Applications International Corporation Common Stock
SAIH,SAIHEAT Limited Class A Ordinary Shares
SAIL,SailPoint Inc. Common Stock
SAJ,Saratoga Investment Corp 8.00% Notes due 2027
SAM,Boston Beer Company Inc. (The) Common Stock
SAMG,Silvercrest Asset Management Group Inc. Class A Common Stock
SAN,Banco Santander S.A. Sponsored ADR (Spain)
SANA,Sana Biotechnology Inc. Common Stock
SANG,Sangoma Technologies Corporation Common Shares
SANM,Sanmina Corporation Common Stock
SAP,SAP  SE ADS
SAR,Saratoga Investment Corp New
SARO,StandardAero Inc. Common Stock
SAT,Saratoga Investment Corp 6.00% Notes due 2027
SATL,Satellogic Inc. Class A Common Stock
SAV,Saratoga Investment Corp 7.50% Notes due 2031
SAY,Saratoga Investment Corp 8.125% Notes due 2027
SAZ,Saratoga Investment Corp 8.50% Notes due 2028
SB,Safe Bulkers Inc Common Stock ($0.001 par value)
SBAC,SBA Communications Corporation Class A Common Stock
SBC,SBC Medical Group Holdings Incorporated Common Stock
SBCF,Seacoast Banking Corporation of Florida Common Stock
SBCWW,SBC Medical Group Holdings Incorporated Warrants
SBET,Sharplink Inc. Common Stock
SBEV,Splash Beverage Group Inc. (NV) Common Stock
SBFG,SB Financial Group Inc. Common Stock
SBFM,Sunshine Biopharma Inc. Common Stock
SBGI,Sinclair Inc. Class A Common Stock
SBH,Sally Beauty Holdings Inc. (Name to be changed from Sally Holdings Inc.) Common Stock
SBI,Western Asset Intermediate Muni Fund Inc Common Stock
SBLK,Star Bulk Carriers Corp. Common Shares
SBMT,Silver Bow Mining Corp. Common Shares
SBR,Sabine Royalty Trust Common Stock
SBRA,Sabra Health Care REIT Inc. Common Stock
SBSI,Southside Bancshares Inc. Common Stock
SBSW,D/B/A Sibanye-Stillwater Limited ADS
SBUX,Starbucks Corporation Common Stock
SBXD,SilverBox Corp IV Class A Ordinary Shares
SBXE,SilverBox Corp V Class A Ordinary Shares
SCAGW,Scage Future Warrants
SCCD,Sachem Capital Corp. 6.00% Notes due 2026
SCCE,Sachem Capital Corp. 6.00% Notes due 2027
SCCF,Sachem Capital Corp. 7.125% Notes due 2027
SCCG,Sachem Capital Corp. 8.00% Notes due 2027
SCCO,Southern Copper Corporation Common Stock
SCD,LMP Capital and Income Fund Inc. Common Stock
SCHL,Scholastic Corporation Common Stock
SCHW,Charles Schwab Corporation (The) Common Stock
SCI,Service Corporation International Common Stock
SCKT,Socket Mobile Inc. Common Stock
SCL,Stepan Company Common Stock
SCLX,Scilex Holding Company Common Stock
SCM,Stellus Capital Investment Corporation Common Stock
SCNX,Scienture Holdings Inc. Common Stock
SCOR,comScore Inc. Common Stock
SCPQ,Social Commerce Partners Corporation Class A Ordinary Shares
SCSC,ScanSource Inc. Common Stock
SCTX,Scribe Therapeutics Inc. Common Stock
SCWO,374Water Inc. Common Stock
SCYX,SCYNEXIS Inc. Common Stock
SCZM,Santacruz Silver Mining Ltd. Common Shares
SD,SandRidge Energy Inc. Common Stock
SDA,SunCar Technology Group Inc. Class A Ordinary Shares
SDEV,Stablecoin Development Corporation Common Stock
SDGR,Schrodinger Inc. Common Stock
SDHC,Smith Douglas Homes Corp. Class A Common Stock
SDHY,PGIM Short Duration High Yield Opportunities Fund Common Shares
SDOT,Sadot Group Inc. Common Stock
SDRL,Seadrill Limited Common Shares
SDST,Stardust Power Inc. Common Stock
SEAT,Vivid Seats Inc. Class A Common Stock
SEB,Seaboard Corporation Common Stock
SECZ,Securitize Corp. Common Stock
SEDG,SolarEdge Technologies Inc. Common Stock
SEED,Origin Agritech Limited Common Stock
SEER,Seer Inc. Class A Common Stock
SEG,Seaport Entertainment Group Inc. Common Stock
SEGG,Sports Entertainment Gaming Global Corporation Common Stock
SEI,Solaris Energy Infrastructure Inc. Class A Common Stock
SEIC,SEI Investments Company Common Stock
SELF,Global Self Storage Inc. Common Stock
SENEA,Seneca Foods Corp. Class A Common Stock
SENEB,Seneca Foods Corp. Class B Common Stock
SENS,Senseonics Holdings Inc. Common Stock
SEPN,Septerna Inc. Common Stock
SER,Serina Therapeutics Inc. Common Stock
SERA,Sera Prognostics Inc. Class A Common Stock
SERV,Serve Robotics Inc. Common Stock
SES,SES AI Corporation Class A Common Stock
SEV,Aptera Motors Corp. Class B Common Stock
SEVN,Seven Hills Realty Trust Common Stock
SEZL,Sezzle Inc. Common Stock
SF,Stifel Financial Corporation Common Stock
SFB,Stifel Financial Corporation 5.20% Senior Notes due 2047
SFBC,Sound Financial Bancorp Inc. Common Stock
SFBS,ServisFirst Bancshares Inc. Common Stock
SFD,Smithfield Foods Inc. Common Stock
SFHG,Samfine Creation Holdings Group Limited Class A Ordinary Share
SFIX,Stitch Fix Inc. Class A Common Stock
SFL,SFL Corporation Ltd
SFM,Sprouts Farmers Market Inc. Common Stock
SFNC,Simmons First National Corporation Class A Common Stock
SFST,Southern First Bancshares Inc. Common Stock
SFWL,Shengfeng Development Limited Class A Ordinary Shares
SG,Sweetgreen Inc. Class A Common Stock
SGA,Saga Communications Inc. Class A Common Stock (FL)
SGC,Superior Group of Companies Inc. Common Stock
SGHC,Super Group (SGHC) Limited Ordinary Shares
SGHT,Sight Sciences Inc. Common Stock
SGI,Somnigroup International Inc. Common Stock
SGLY,Singularity Future Technology Ltd. Common Stock
SGML,Sigma Lithium Corporation Common Shares
SGMT,Sagimet Biosciences Inc. Series A Common Stock
SGP,SpyGlass Pharma Inc. Common Stock
SGRY,Surgery Partners Inc. Common Stock
SGU,Star Group L.P. Common Stock
SHAK,Shake Shack Inc. Class A Common Stock
SHAZ,SharonAI Holdings Inc. Class A Common Stock
SHBI,Shore Bancshares Inc Common Stock
SHC,Sotera Health Company Common Stock
SHEN,Shenandoah Telecommunications Co Common Stock
SHFS,SHF Holdings Inc. Class A Common Stock
SHFSW,SHF Holdings Inc. Warrants
SHIM,Shimmick Corporation Common Stock
SHIP,Seanergy Maritime Holdings Corp. Common Stock
SHLS,Shoals Technologies Group Inc. Class A Common Stock
SHMD,SCHMID Group N.V. Class A Ordinary Shares
SHMDW,SCHMID Group N.V. Warrants
SHO,Sunstone Hotel Investors Inc. Sunstone Hotel Investors Inc. Common Shares
SHOE,Shoe Station Group Inc. Common Stock
SHOO,Steven Madden Ltd. Common Stock
SHOP,Shopify Inc. Class A Subordinate Voting Shares
SHOT,RMG ML Sports Holdings Class A Ordinary Shares
SHPH,Shuttle Pharmaceuticals Holdings Inc. Common Stock
SHW,Sherwin-Williams Company (The) Common Stock
SI,Shoulder Innovations Inc. Common Stock
SIBN,SI-BONE Inc. Common Stock
SID,Companhia Siderurgica Nacional S.A. Common Stock
SIDU,Sidus Space Inc. Class A Common Stock
SIEB,Siebert Financial Corp. Common Stock
SIF,SIFCO Industries Inc. Common Stock
SIG,Signet Jewelers Limited Common Shares
SIGA,SIGA Technologies Inc. Common Stock
SIGI,Selective Insurance Group Inc. Common Stock
SII,Sprott Inc. Common Shares
SILC,Silicom Ltd Ordinary Shares
SILO,Silo Pharma Inc. Common Stock
SIND,Sinda Ltd. Common Stock
SINT,SiNtx Technologies Inc. Common Stock
SION,Sionna Therapeutics Inc. Common Stock
SIRI,SiriusXM Holdings Inc. Common Stock
SITC,SITE Centers Corp. Common Stock
SITE,SiteOne Landscape Supply Inc. Common Stock
SITM,SiTime Corporation Common Stock
SJ,Scienjoy Holding Corporation Class A Ordinary Shares
SJM,The J.M. Smucker Company Common Stock
SJT,San Juan Basin Royalty Trust Common Stock
SKE,Skeena Resources Limited Common Shares
SKIL,Skillsoft Corp. Class A Common Stock
SKIN,SkinHealth Systems Inc. Class A Common Stock
SKK,SKK Holdings Limited Class A Ordinary Shares
SKM,SK Telecom Co. Ltd. Common Stock
SKT,Tanger Inc. Common Stock
SKWD,Skyward Specialty Insurance Group Inc. Common Stock
SKY,Champion Homes Inc. Common Stock
SKYA,SkyAI Inc. Common Stock
SKYE,Skye Bioscience Inc. Common Stock
SKYH,Sky Harbour Group Corporation Class A Common Stock
SKYQ,Sky Quarry Inc. Common Stock
SKYW,SkyWest Inc. Common Stock
SKYX,SKYX Platforms Corp. Common Stock
SLAB,Silicon Laboratories Inc. Common Stock
SLB,SLB Limited Common Shares
SLBT,SL Science Holding Limited Ordinary Shares
SLDB,Solid Biosciences Inc. Common Stock
SLDE,Slide Insurance Holdings Inc. Common Stock
SLDP,Solid Power Inc. Class A Common Stock
SLE,Super League Enterprise Inc. Common Stock
SLF,Sun Life Financial Inc. Common Stock
SLG,SL Green Realty Corp Common Stock
SLGB,Smart Logistics Global Limited Class A Ordinary Shares
SLGL,Sol-Gel Technologies Ltd. Ordinary Shares
SLGN,Silgan Holdings Inc. Common Stock
SLI,Standard Lithium Ltd. Common Shares
SLM,SLM Corporation Common Stock
SLMT,Brera Holdings PLC Class B Ordinary Shares
SLN,Silence Therapeutics Plc American Depository Share
SLND,Southland Holdings Inc. Common Stock
SLNG,Stabilis Solutions Inc. Common Stock
SLNH,Soluna Holdings Inc. Common Stock
SLP,Simulations Plus Inc. Common Stock
SLQT,SelectQuote Inc. Common Stock
SLRC,SLR Investment Corp. Common Stock
SLS,SELLAS Life Sciences Group Inc. Common Stock
SLSN,Solesence Inc. Common Stock
SLSR,Solaris Resources Inc. Common Shares
SLVM,Sylvamo Corporation Common Stock
SLXN,Silexion Therapeutics Corp Ordinary Shares
SM,SM Energy Company Common Stock
SMA,SmartStop Self Storage REIT Inc. Common Stock
SMBC,Southern Missouri Bancorp Inc. Common Stock
SMBK,SmartFinancial Inc. Common Stock
SMC,Summit Midstream Corporation Common Stock
SMCI,Super Micro Computer Inc. Common Stock
SMG,Scotts Miracle-Gro Company (The) Common Stock
SMHI,SEACOR Marine Holdings Inc. Common Stock
SMID,Smith-Midland Corporation Common Stock
SMJF,SMJ International Holdings Inc. Class A Ordinary Shares
SMMT,Summit Therapeutics Inc. Common Stock
SMP,Standard Motor Products Inc. Common Stock
SMPL,The Simply Good Foods Company Common Stock
SMR,NuScale Power Corporation Class A Common Stock
SMRT,SmartRent Inc. Class A Common Stock
SMSI,Smith Micro Software Inc. Common Stock
SMTC,Semtech Corporation Common Stock
SMTI,Sanara MedTech Inc. Common Stock
SMTK,SmartKem Inc. Common Stock
SMWB,Similarweb Ltd. Ordinary Shares
SMX,SMX (Security Matters) Public Limited Company Ordinary Shares
SMXT,Solarmax Technology Inc. Common Stock
SN,SharkNinja Inc. Ordinary Shares
SNA,Snap-On Incorporated Common Stock
SNAL,Snail Inc. Class A Common Stock
SNAP,Snap Inc. Class A Common Stock
SND,Smart Sand Inc. Common Stock
SNDA,Sonida Senior Living Inc. Common Stock
SNDK,Sandisk Corporation Common Stock
SNDL,SNDL Inc. Common Shares
SNDR,Schneider National Inc. Common Stock
SNDX,Syndax Pharmaceuticals Inc. Common Stock
SNES,SenesTech Inc. Common Stock
SNEX,StoneX Group Inc. Common Stock
SNFCA,Security National Financial Corporation Class A Common Stock
SNGX,Soligenix Inc. Common Stock
SNN,Smith & Nephew SNATS Inc. Common Stock
SNOA,Sonoma Pharmaceuticals Inc. Common Stock
SNOW,Snowflake Inc. Common Stock
SNPS,Synopsys Inc. Common Stock
SNSC,SunScout Holding Limited Class A Ordinary Shares
SNT,Senstar Technologies Corporation Common Shares
SNTG,Sentage Holdings Inc. Class A Ordinary Shares
SNTI,Senti Biosciences Holdings Inc. Common Stock
SNWV,SANUWAVE Health Inc. Common Stock
SNX,TD SYNNEX Corporation Common Stock
SNY,Sanofi ADS
SNYR,Synergy CHC Corp. Common Stock
SO,Southern Company (The) Common Stock
SOAR,Volato Group Inc. Class A Common Stock
SOBO,South Bow Corporation Common Shares
SOBR,SOBR Safe Inc. Common Stock
SOC,Sable Offshore Corp. Common Stock
SOFI,SoFi Technologies Inc. Common Stock
SOJC,Southern Company (The) Series 2017B 5.25% Junior Subordinated Notes due December 1 2077
SOJD,Southern Company (The) Series 2020A 4.95% Junior Subordinated Notes due January 30 2080
SOJE,Southern Company (The) Series 2020C 4.20% Junior Subordinated Notes due October 15 2060
SOJF,Southern Company (The) Series 2025A 6.50% Junior Subordinated Notes due March 15 2085
SOLS,Solstice Advanced Materials Inc. Common Stock
SOLV,Solventum Corporation Common Stock
SOMN,Southern Company (The) 2025 Series A Corporate Units
SON,Sonoco Products Company Common Stock
SONM,DNA X Inc. Common Stock
SONO,Sonos Inc. Common Stock
SOPH,SOPHiA GENETICS SA Ordinary Shares
SOR,Source Capital Inc. Cmn Shs of BI
SORA,AsiaStrategy Ordinary Shares
SOS,SOS Limited Class A Ordinary Shares
SOTK,Sono-Tek Corporation Common Stock
SOUN,SoundHound AI Inc Class A Common Stock
SOWG,Sow Good Inc. Common Stock
SPAI,Safe Pro Group Inc. Common Stock
SPB,Spectrum Brands Holdings Inc. Common Stock
SPCB,SuperCom Ltd. Ordinary Shares (Israel)
SPCE,Virgin Galactic Holdings Inc. Common Stock
SPCX,Space Exploration Technologies Corp. Class A Common Stock
SPE,Special Opportunities Fund Inc Common Stock
SPFI,South Plains Financial Inc. Common Stock
SPG,Simon Property Group Inc. Common Stock
SPGI,S&P Global Inc. Common Stock
SPH,Suburban Propane Partners L.P. Common Stock
SPHL,Springview Holdings Ltd Class A Ordinary Shares
SPHR,Sphere Entertainment Co. Class A Common Stock
SPIR,Spire Global Inc. Class A Common Stock
SPMC,Sound Point Meridian Capital Inc. Common Stock
SPNT,SiriusPoint Ltd. Common Shares
SPOK,Spok Holdings Inc. Common Stock
SPOT,Spotify Technology S.A. Ordinary Shares
SPPL,SIMPPLE LTD. Ordinary Shares
SPRB,Spruce Biosciences Inc. Common Stock
SPRC,SciSparc Ltd. Ordinary Shares
SPRO,Spero Therapeutics Inc. Common Stock
SPRU,Spruce Power Holding Corporation Class A Common Stock
SPRY,ARS Pharmaceuticals Inc. Common Stock
SPSC,SPS Commerce Inc. Common Stock
SPT,Sprout Social Inc Class A Common Stock
SPTX,Seaport Therapeutics Inc. Common Stock
SPWH,Sportsman's Warehouse Holdings Inc. Common Stock
SPWR,SunPower Inc. Common Stock
SPWRW,SunPower Inc. Warrants
SPXC,SPX Technologies Inc. Common Stock
SPXX,Nuveen S&P 500 Dynamic Overwrite Fund
SQFT,Presidio Property Trust Inc. Class A Common Stock
SQFTW,Presidio Property Trust Inc. Series A Common Stock Purchase Warrants
SQM,Sociedad Quimica y Minera S.A. Common Stock
SR,Spire Inc. Common Stock
SRAD,Sportradar Group AG Class A Ordinary Shares
SRBK,SR Bancorp Inc. Common stock
SRCE,1st Source Corporation Common Stock
SRE,DBA Sempra Common Stock
SREA,DBA Sempra 5.750% Junior Subordinated Notes due 2079
SRFM,Surf Air Mobility Inc. Common Stock
SRG,Seritage Growth Properties Class A Common Stock
SRI,Stoneridge Inc. Common Stock
SRJN,Spire Inc. 6.375% Junior Subordinated Notes due 2086
SRL,Scully Royalty Ltd.
SRPT,Sarepta Therapeutics Inc. Common Stock (DE)
SRRK,Scholar Rock Holding Corporation Common Stock
SRTA,Strata Critical Medical Inc. Class A Common Stock
SRTS,Sensus Healthcare Inc. Common Stock
SRV,NXG Cushing Midstream Energy Fund Common Shares of Beneficial Interest
SRXH,SRX Global Inc. Common Stock
SRZN,Surrozen Inc. Common Stock
SSB,SouthState Bank Corporation Common Stock
SSBI,Summit State Bank Common Stock
SSD,Simpson Manufacturing Company Inc. Common Stock
SSII,SS Innovations International Inc. Common Stock
SSM,Sono Group N.V. Ordinary Shares
SSMR,Sunshine Silver Mining & Refining Company Common Stock
SSNC,SS&C Technologies Holdings Inc. Common Stock
SSP,E.W. Scripps Company (The) Class A Common Stock
SSRM,SSR Mining Inc. Common Stock
SST,System1 Inc. Class A Common Stock
SSTI,SoundThinking Inc. Common Stock
SSTK,Shutterstock Inc. Common Stock
SSYS,Stratasys Ltd. Ordinary Shares (Israel)
ST,Sensata Technologies Holding plc Ordinary Shares
STAA,STAAR Surgical Company Common Stock
STAG,Stag Industrial Inc. Common Stock
STAK,STAK Inc. Class A Ordinary Shares
STBA,S&T Bancorp Inc. Common Stock
STC,Stewart Information Services Corporation Common Stock
STDN,Standard Nuclear Inc. Class A Common Stock
STE,STERIS plc (Ireland) Ordinary Shares
STEM,Stem Inc. Class A Common Stock
STEP,StepStone Group Inc. Class A Common Stock
STEW,SRH Total Return Fund Inc. Common Stock
STEX,Streamex Corp. Common Stock
STFS,Star Fashion Culture Holdings Limited Class A Ordinary Shares
STGW,Stagwell Inc. Class A Common Stock
STHO,Star Holdings Shares of Beneficial Interest
STI,Solidion Technology Inc. Common Stock
STIM,Neuronetics Inc. Common Stock
STK,Columbia Seligman Premium Technology Growth Fund Inc
STKE,Sol Strategies Inc. Common Shares
STKS,The ONE Group Hospitality Inc. Common Stock
STLA,Stellantis N.V. Common Shares
STLD,Steel Dynamics Inc.
STLN,Starling Oncology Inc. Common Stock
STM,STMicroelectronics N.V. Common Stock
STN,Stantec Inc Common Stock
STNE,StoneCo Ltd. Class A Common Shares
STNG,Scorpio Tankers Inc. Common Shares
STOK,Stoke Therapeutics Inc. Common Stock
STRA,Strategic Education Inc. Common Stock
STRL,Sterling Infrastructure Inc. Common Stock
STRO,Sutro Biopharma Inc. Common Stock
STRR,Star Equity Holdings Inc. Common Stock
STRT,STRATTEC SECURITY CORPORATION Common Stock
STRW,Strawberry Fields REIT Inc. Common Stock
STRZ,Starz Entertainment Corp. Common Shares
STT,State Street Corporation Common Stock
STTK,Shattuck Labs Inc. Common Stock
STUB,StubHub Holdings Inc. Class A Common Stock
STVN,Stevanato Group S.p.A. Ordinary Shares
STWD,STARWOOD PROPERTY TRUST INC. Starwood Property Trust Inc.
STX,Seagate Technology Holdings PLC Ordinary Shares (Ireland)
STXS,Stereotaxis Inc. Common Stock
STZ,Constellation Brands Inc. Common Stock
SU,Suncor Energy  Inc. Common Stock
SUGP,SU Group Holdings Limited Class A Ordinary Shares
SUI,Sun Communities Inc. Common Stock
SUIG,Sui Group Holdings Limited Common Stock
SUJA,Suja Life Inc. Class A Common Stock
SUN,Sunoco LP Common Units representing limited partner interests
SUNB,Sunbelt Rentals Holdings Inc. Common Stock
SUNC,SunocoCorp LLC Common Units representing limited liability company interests
SUNE,SUNation Energy Inc. Common Stock
SUNS,Sunrise Realty Trust Inc. Common Stock
SUPN,Supernus Pharmaceuticals Inc. Common Stock
SUPX,SuperX AI Technology Limited Ordinary Shares
SURG,SurgePays Inc. Common Stock
SVC,Service Properties Trust Common Shares of Beneficial Interest
SVCC,Stellar V Capital Corp. Class A Ordinary Shares
SVCO,Silvaco Group Inc. Common Stock
SVM,Silvercorp Metals Inc. Common Shares
SVRA,Savara Inc. Common Stock
SVRN,OceanPal Inc. Common Stock
SVV,Savers Value Village Inc. Common Stock
SW,Smurfit WestRock plc Ordinary Shares
SWAG,Stran & Company Inc. Common Stock
SWBI,Smith & Wesson Brands Inc. Common Stock
SWIM,Latham Group Inc. Common Stock
SWK,Stanley Black & Decker Inc. Common Stock
SWKHL,SWK Holdings Corporation 9.00% Senior Notes due 2027
SWKS,Skyworks Solutions Inc. Common Stock
SWMR,Swarmer Inc Common Stock
SWVL,Swvl Holdings Corp Class A Common Shares
SWX,Southwest Gas Holdings Inc. Common Stock (DE)
SWZ,Total Return Securities Fund Common Stock
SXC,SunCoke Energy Inc. Common Stock
SXI,Standex International Corporation Common Stock
SXT,Sensient Technologies Corporation Common Stock
SXTC,China SXT Pharmaceuticals Inc. Class A Ordinary Shares
SXTP,60 Degrees Pharmaceuticals Inc. Common Stock
SY,So-Young International Inc. American Depository Shares
SYBT,Stock Yards Bancorp Inc. Common Stock
SYF,Synchrony Financial Common Stock
SYK,Stryker Corporation Common Stock
SYM,Symbotic Inc. Class A Common Stock
SYNA,Synaptics Incorporated Common Stock $0.001 Par Value
SYNX,Silynxcom Ltd. Ordinary Shares
SYPR,Sypris Solutions Inc. Common Stock
SYRE,Spyre Therapeutics Inc. Common Stock
SYY,Sysco Corporation Common Stock
T,AT&T Inc.
TAC,TransAlta Corporation Ordinary Shares
TACT,TransAct Technologies Incorporated Common Stock
TALO,Talos Energy Inc. Common Stock
TANH,Tantech Holdings Ltd. Class A Common Shares
TAOP,Taoping Inc. Ordinary Shares
TAOX,Tao Synergies Inc. Common Stock
TAP,Molson Coors Beverage Company Class B Common Stock
TARA,Protara Therapeutics Inc.  Common Stock
TARS,Tarsus Pharmaceuticals Inc. Common Stock
TASK,TaskUs Inc. Class A Common Stock
TATT,TAT Technologies Ltd. Ordinary Shares
TAYD,Taylor Devices Inc. Common Stock
TBB,AT&T Inc. 5.350% Global Notes due 2066
TBBB,BBB Foods Inc. Class A Common Shares
TBBK,The Bancorp Inc Common Stock
TBCH,Turtle Beach Corporation Common Stock
TBCVU,Thunder Bridge Capital Partners V Ltd. Units
TBI,TrueBlue Inc. Common Stock
TBLA,Taboola.com Ltd. Ordinary Shares
TBLD,Thornburg Income Builder Opportunities Trust Common Stock
TBN,Tamboran Resources Corporation Common stock
TBPH,Theravance Biopharma Inc. Ordinary Shares
TCBI,Texas Capital Bancshares Inc. Common Stock
TCBK,TriCo Bancshares Common Stock
TCBS,Texas Community Bancshares Inc. Common Stock
TCBX,Third Coast Bancshares Inc. Common Stock
TCI,Transcontinental Realty Investors Inc. Common Stock
TCMD,Tactile Systems Technology Inc. Common Stock
TCPA,TransCanada PipeLines Limited 6.250% Junior Subordinated Notes due 2085
TCPC,BlackRock TCP Capital Corp. Common Stock
TCRT,Alaunos Therapeutics Inc. Common Stock
TCRX,TScan Therapeutics Inc. Common Stock
TCX,Tucows Inc. Class A Common Stock
TD,Toronto Dominion Bank (The) Common Stock
TDAY,USA TODAY Co. Inc. Common Stock
TDC,Teradata Corporation Common Stock
TDF,Templeton Dragon Fund Inc. Common Stock
TDG,Transdigm Group Incorporated Common Stock
TDIC,Dreamland Limited Class A Ordinary Shares
TDOC,Teladoc Health Inc. Common Stock
TDS,Telephone and Data Systems Inc. Common Shares
TDTH,Trident Digital Tech Holdings Ltd Class B Ordinary Shares
TDUP,ThredUp Inc. Class A Common Stock
TDW,Tidewater Inc. Common Stock
TDY,Teledyne Technologies Incorporated Common Stock
TE,T1 Energy Inc. Common Stock
TEAD,Teads Holding Co. Common Stock
TEAM,Atlassian Corporation Class A Common Stock
TECH,Bio-Techne Corp Common Stock
TECK,Teck Resources Ltd Ordinary Shares
TECX,Tectonic Therapeutic Inc. Common Stock
TEI,Templeton Emerging Markets Income Fund Inc. Common Stock
TEL,TE Connectivity plc Ordinary Shares
TELA,TELA Bio Inc. Common Stock
TELO,Telomir Pharmaceuticals Inc. Common Stock
TEM,Tempus AI Inc. Class A Common Stock
TEN,Tsakos Energy Navigation Ltd Common Shares
TENB,Tenable Holdings Inc. Common Stock
TENX,Tenax Therapeutics Inc. Common Stock
TEO,Telecom Argentina SA
TER,Teradyne Inc. Common Stock
TEX,Terex Corporation Common Stock
TFC,Truist Financial Corporation Common Stock
TFII,TFI International Inc. Common Shares
TFIN,Triumph Financial Inc. Common Stock
TFPM,Triple Flag Precious Metals Corp. Common Shares
TFSL,TFS Financial Corporation Common Stock
TFX,Teleflex Incorporated Common Stock
TG,Tredegar Corporation Common Stock
TGB,Trekor Metals Limited Common Shares
TGE,The Generation Essentials Group Class A Ordinary Shares
TGEN,Tecogen Inc. Common Stock
TGHL,The GrowHub Limited Class A Ordinary Shares
TGL,Treasure Global Inc. Common Stock
TGLS,Tecnoglass Holdings Inc. Common Stock
TGS,Transportadora de Gas del Sur SA TGS Common Stock
TGT,Target Corporation Common Stock
TGTX,TG Therapeutics Inc. Common Stock
TH,Target Hospitality Corp. Common Stock
THC,Tenet Healthcare Corporation Common Stock
THCH,TH International Limited Ordinary shares
THFF,First Financial Corporation Common Stock
THG,Hanover Insurance Group Inc
THH,TryHard Holdings Limited Ordinary Shares
THM,International Tower Hill Mines Ltd. Ordinary Shares (Canada)
THO,Thor Industries Inc. Common Stock
THQ,abrdn Healthcare Opportunities Fund Shares of Beneficial Interest
THRM,Gentherm Inc Common Stock
THRY,Thryv Holdings Inc. Common Stock
THW,abrdn World Healthcare Fund Shares of Beneficial Interest
TIC,TIC Solutions Inc. Common Stock
TIGO,Millicom International Cellular S.A. Common Stock
TII,Titan Mining Corporation Common Shares
TIL,Instil Bio Inc. Common Stock
TILE,Interface Inc. Common Stock
TIPT,Tiptree Inc. Common Stock
TISI,Team Inc. Common Stock
TITN,Titan Machinery Inc. Common Stock
TJGC,TJGC Group Limited Class A Ordinary Shares
TJX,TJX Companies Inc. (The) Common Stock
TK,Teekay Corporation Ltd. Common Stock
TKC,Turkcell Iletisim Hizmetleri AS Common Stock
TKNO,Alpha Teknova Inc. Common Stock
TKO,TKO Group Holdings Inc. Class A Common Stock
TKR,Timken Company (The) Common Stock
TLF,Tandy Leather Factory Inc. Common Stock
TLIH,Ten-League International Holdings Limited Ordinary Shares
TLK,PT Telekomunikasi Indonesia Tbk
TLN,Talen Energy Corporation Common Stock
TLNC,Talon Capital Corp. Class A Ordinary Shares
TLNCU,Talon Capital Corp. Units
TLPH,Talphera Inc. Common Stock
TLRY,Tilray Brands Inc. Common Stock
TLS,Telos Corporation Common Stock
TLSA,Tiziana Life Sciences Ltd. Common Shares
TLSI,TriSalus Life Sciences Inc. Common Stock
TLYS,Tilly's Inc. Common Stock
TM,Toyota Motor Corporation Common Stock
TMC,TMC the metals company Inc. Common Stock
TMCI,Treace Medical Concepts Inc. Common Stock
TMCR,The Metals Royalty Company Inc. Common Stock
TMCWW,TMC the metals company Inc. Warrants
TMDE,TMD Energy Limited Ordinary Shares
TMDX,TransMedics Group Inc. Common Stock
TMO,Thermo Fisher Scientific Inc Common Stock
TMP,Tompkins Financial Corporation Common Stock
TMQ,Trilogy Metals Inc. Common Stock
TMS,Teamshares Inc. Common Stock
TMSWW,Teamshares Inc. Warrants
TMUS,T-Mobile US Inc. Common Stock
TMUSI,T-Mobile US Inc. 5.500% Senior Notes due June 2070
TMUSL,T-Mobile US Inc. 6.250% Senior Notes due 2069
TMUSZ,T-Mobile US Inc. 5.500% Senior Notes due March 2070
TNC,Tennant Company Common Stock
TNDM,Tandem Diabetes Care Inc. Common Stock
TNET,TriNet Group Inc. Common Stock
TNGX,Tango Therapeutics Inc.
TNK,Teekay Tankers Ltd.
TNL,Travel   Leisure Co. Common  Stock
TNMG,TNL Mediagene Ordinary Shares
TNON,Tenon Medical Inc. Common Stock
TNXP,Tonix Pharmaceuticals Holding Corp. Common Stock
TNYA,Tenaya Therapeutics Inc. Common Stock
TOL,Toll Brothers Inc. Common Stock
TOMZ,TOMI Environmental Solutions Inc. Common Stock
TONT,Graf Global Corp. Class A ordinary shares
TONX,TON Strategy Company Common Stock
TOON,Kartoon Studios Inc. Common Stock
TOP,TOP Financial Group Limited Class A Ordinary Shares
TOPP,Toppoint Holdings Inc. Common Stock
TOPS,TOP Ships Inc. Common Stock
TORO,Toro Corp. Common Stock
TOST,Toast Inc. Class A Common Stock
TOVX,Theriva Biologics Inc. Common Stock
TOWN,TowneBank Common Stock
TOYO,TOYO Co. Ltd Ordinary Shares
TP,Ticketplus Ltd. Ordinary Shares
TPB,Turning Point Brands Inc. Common Stock
TPC,Tutor Perini Corporation Common Stock
TPCS,TechPrecision Corporation Common stock
TPET,Trio Petroleum Corp. Common Stock
TPG,TPG Inc. Class A Common Stock
TPGXL,TPG Operating Group II L.P. 6.950% Fixed-Rate Junior Subordinated Notes due 2064
TPL,Texas Pacific Land Corporation Common Stock
TPR,Tapestry Inc. Common Stock
TPST,Tempest Therapeutics Inc. Common Stock
TPTS,Terra Property Trust Inc. 7.00% Senior Secured Notes due 2029
TPVG,TriplePoint Venture Growth BDC Corp. Common Stock
TR,Tootsie Roll Industries Inc. Common Stock
TRAK,ReposiTrak Inc. Common Stock
TRAW,Traws Pharma Inc. Common Stock
TRAX,First Tracks Biotherapeutics Inc. Ordinary Shares
TRC,Tejon Ranch Co Common Stock
TRDA,Entrada Therapeutics Inc. Common Stock
TREE,LendingTree Inc. Common Stock
TREX,Trex Company Inc. Common Stock
TRGP,Targa Resources Inc. Common Stock
TRGS,TRG Latin America Acquisitions Corp. Class A Ordinary Shares
TRGSU,TRG Latin America Acquisitions Corp. Units
TRI,Thomson Reuters Corporation Common Shares
TRIN,Trinity Capital Inc. Common Stock
TRIP,TripAdvisor Inc. Common Stock
TRLV,Trulieve Cannabis Corp. Subordinate Voting Shares
TRMB,Trimble Inc. Common Stock
TRMD,TORM plc Class A Common Stock
TRMK,Trustmark Corporation Common Stock
TRN,Trinity Industries Inc. Common Stock
TRNI,Trinity Capital Inc. 7.875% Notes Due 2029
TRNO,Terreno Realty Corporation Common Stock
TRNR,Interactive Strength Inc. Common Stock
TRNS,Transcat Inc. Common Stock
TRNZ,Trinity Capital Inc. 7.875% Notes due 2029
TRON,Tron Inc. Common Stock
TROO,TROOPS Inc. Ordinary Shares
TROW,T. Rowe Price Group Inc. Common Stock
TROX,Tronox Holdings plc Ordinary Shares (UK)
TRP,TC Energy Corporation Common Stock
TRS,TriMas Corporation Common Stock
TRSG,Tungray Technologies Inc Class A Ordinary Shares
TRST,TrustCo Bank Corp NY Common Stock
TRT,Trio-Tech International Common Stock
TRTX,TPG RE Finance Trust Inc. Common Stock
TRU,TransUnion Common Stock
TRUG,TruGolf Holdings Inc. Class A Common Stock
TRUP,Trupanion Inc. Common Stock
TRV,The Travelers Companies Inc. Common Stock
TRVI,Trevi Therapeutics Inc. Common Stock
TRX,TRX Gold Corporation Common Stock
TSAT,Telesat Corporation Class A Common Shares and Class B Variable Voting Shares
TSBK,Timberland Bancorp Inc. Common Stock
TSCO,Tractor Supply Company Common Stock
TSEM,Tower Semiconductor Ltd. Ordinary Shares
TSHA,Taysha Gene Therapies Inc. Common Stock
TSI,TCW Strategic Income Fund Inc. Common Stock
TSLA,Tesla Inc. Common Stock
TSLX,Sixth Street Specialty Lending Inc. Common Stock
TSM,Taiwan Semiconductor Manufacturing Company Ltd.
TSN,Tyson Foods Inc. Common Stock
TSQ,Townsquare Media Inc. Class A Common Stock
TSSI,TSS Inc. Common Stock
TT,Trane Technologies plc
TTAM,Titan America SA Common Shares
TTAN,ServiceTitan Inc. Class A Common Stock
TTC,Toro Company (The) Common Stock
TTD,The Trade Desk Inc. Class A Common Stock
TTE,TotalEnergies SE Ordinary Shares
TTEC,TTEC Holdings Inc. Common Stock
TTEK,Tetra Tech Inc. Common Stock
TTGT,TechTarget Inc. Common Stock
TTI,Tetra Technologies Inc. Common Stock
TTMI,TTM Technologies Inc. Common Stock
TTRX,Turn Therapeutics Inc. Common Stock
TTWO,Take-Two Interactive Software Inc. Common Stock
TU,Telus Corporation Ordinary Shares
TULP,Bloomia Holdings Inc. Common Stock
TUSK,Mammoth Energy Services Inc. Common Stock
TV,Grupo Televisa S.A.B. Common Stock
TVC,Tennessee Valley Authority Common Stock
TVE,Tennessee Valley Authority
TVGN,Tevogen Inc. Common Stock
TVRD,Tvardi Therapeutics Inc. Common Stock
TVTX,Travere Therapeutics Inc. Common Stock
TW,Tradeweb Markets Inc. Class A Common Stock
TWAV,TaoWeave Inc. Common Stock
TWFG,TWFG Inc. Class A Common Stock
TWG,Top Wealth Group Holding Limited Class A Ordinary Shares
TWI,Titan International Inc. (DE) Common Stock
TWIN,Twin Disc Incorporated Common Stock
TWLO,Twilio Inc. Class A Common Stock
TWLV,Twelve Seas Investment Company III Class A Ordinary Shares
TWN,Taiwan Fund Inc. (The) Common Stock
TWO,Two Harbors Investment Corp
TWOD,Two Harbors Investments Corp 9.375% Senior Notes due 2030
TWST,Twist Bioscience Corporation Common Stock
TXG,10x Genomics Inc. Class A Common Stock
TXMD,TherapeuticsMD Inc. Common Stock
TXN,Texas Instruments Incorporated Common Stock
TXNM,TXNM Energy Inc. Common Stock
TXO,TXO Partners L.P. Common Units Representing Limited Partner Interests
TXRH,Texas Roadhouse Inc. Common Stock
TXT,Textron Inc. Common Stock
TY,Tri Continental Corporation Common Stock
TYG,Tortoise Energy Infrastructure Corporation Common Stock
TYGO,Tigo Energy Inc. Common Stock
TYL,Tyler Technologies Inc. Common Stock
TYRA,Tyra Biosciences Inc. Common Stock
TZOO,Travelzoo Common Stock
U,Unity Software Inc. Common Stock
UA,Under Armour Inc. Class C Common Stock
UAA,Under Armour Inc. Class A Common Stock
UAL,United Airlines Holdings Inc. Common Stock
UAMY,United States Antimony Corporation Common Stock
UAN,CVR Partners LP Common Units representing Limited Partner Interests
UAVS,AgEagle Aerial Systems Inc. Common Stock
UBCP,United Bancorp Inc. Common Stock
UBER,Uber Technologies Inc. Common Stock
UBS,UBS Group AG Registered Ordinary Shares
UBSI,United Bankshares Inc. Common Stock
UCAR,U Power Limited Class A Ordinary Shares
UCB,United Community Banks Inc. Common Stock
UCTT,Ultra Clean Holdings Inc. Common Stock
UDR,UDR Inc. Common Stock
UE,Urban Edge Properties Common Shares of Beneficial Interest
UEC,Uranium Energy Corp. Common Stock
UEIC,Universal Electronics Inc. Common Stock
UFCS,United Fire Group Inc. Common Stock
UFG,Uni-Fuels Holdings Limited Class A Ordinary Shares
UFI,Unifi Inc. New Common Stock
UFPI,UFP Industries Inc. Common Stock
UFPT,UFP Technologies Inc. Common Stock
UG,United-Guardian Inc. Common Stock
UGI,UGI Corporation Common Stock
UHAL,U-Haul Holding Company Common Stock
UHS,Universal Health Services Inc. Common Stock
UHT,Universal Health Realty Income Trust Common Stock
UI,Ubiquiti Inc. Common Stock
UIS,Unisys Corporation New Common Stock
UK,Ucommune International Ltd Class A Ordinary Shares
ULBI,Ultralife Corporation Common Stock
ULCC,Frontier Group Holdings Inc. Common Stock
ULH,Universal Logistics Holdings Inc. Common Stock
ULS,UL Solutions Inc. Class A Common Stock
ULTA,Ulta Beauty Inc. Common Stock
UMAC,Unusual Machines Inc. Common Stock
UMBF,UMB Financial Corporation Common Stock
UMC,United Microelectronics Corporation (NEW) Common Stock
UMH,UMH Properties Inc. Common Stock
UNB,Union Bankshares Inc. Common Stock
UNCY,Unicycive Therapeutics Inc. Common Stock
UNF,Unifirst Corporation Common Stock
UNFI,United Natural Foods Inc. Common Stock
UNH,UnitedHealth Group Incorporated Common Stock (DE)
UNIT,Uniti Group Inc. Common Stock
UNM,Unum Group Common Stock
UNMA,Unum Group 6.250% Junior Subordinated Notes due 2058
UNP,Union Pacific Corporation Common Stock
UNTY,Unity Bancorp Inc. Common Stock
UONE,Urban One Inc. Class A Common Stock
UONEK,Urban One Inc. Class D Common Stock
UP,Wheels Up Experience Inc. Class A Common Stock
UPB,Upstream Bio Inc. Common Stock
UPBD,Upbound Group Inc. Common Stock
UPC,Universe Pharmaceuticals Inc. Class A Ordinary Shares
UPLD,Upland Software Inc. Common Stock
UPS,United Parcel Service Inc. Common Stock
UPST,Upstart Holdings Inc. Common stock
UPWK,Upwork Inc. Common Stock
UPXI,Upexi Inc. Common Stock
URBN,Urban Outfitters Inc. Common Stock
URG,Ur Energy Inc Common Shares (Canada)
URGN,UroGen Pharma Ltd. Ordinary Shares
URI,United Rentals Inc. Common Stock
UROY,Uranium Royalty Corp. Common Stock
USA,Liberty All-Star Equity Fund Common Stock
USAC,USA Compression Partners LP Common Units Representing Limited Partner Interests
USAR,USA Rare Earth Inc. Class A Common Stock
USAS,Americas Gold and Silver Corporation Common Shares no par value
USAU,U.S. Gold Corp. Common Stock
USB,U.S. Bancorp Common Stock
USBC,USBC Inc. Common Stock
USCB,USCB Financial Holdings Inc. Class A Common Stock
USDE,StablecoinX Inc. Class A Common Stock
USDEW,StablecoinX Inc. Warrants
USEA,United Maritime Corporation Common Stock
USFD,US Foods Holding Corp. Common Stock
USGO,U.S. GoldMining Inc. Common stock
USIO,Usio Inc. Common Stock
USLM,United States Lime & Minerals Inc. Common Stock
USNA,USANA Health Sciences Inc. Common Stock
USPH,U.S. Physical Therapy Inc. Common Stock
UTF,Cohen & Steers Infrastructure Fund Inc Common Stock
UTG,Reaves Utility Income Fund Common Shares of Beneficial Interest
UTHR,United Therapeutics Corporation Common Stock
UTI,Universal Technical Institute Inc Common Stock
UTL,UNITIL Corporation Common Stock
UTMD,Utah Medical Products Inc. Common Stock
UTSI,UTStarcom Holdings Corp. Ordinary Shares
UTZ,Utz Brands Inc Class A Common Stock
UUU,Universal Safety Products Inc. Common Stock
UUUU,Energy Fuels Inc Ordinary Shares (Canada)
UVE,UNIVERSAL INSURANCE HOLDINGS INC Common Stock
UVSP,Univest Financial Corporation Common Stock
UVV,Universal Corporation Common Stock
UWMC,UWM Holdings Corporation Class A Common Stock
UXIN,Uxin Limited ADS
UZD,Array Digital Infrastructure Inc. 6.250% Senior Notes due 2069
UZE,Array Digital Infrastructure Inc. 5.500% Senior Notes due 2070
UZF,Array Digital Infrastructure Inc. 5.500% Senior Notes due 2070
UZX,Linkage Global Inc. Class A Ordinary Shares
V,Visa Inc.
VABK,Virginia National Bankshares Corporation Common Stock
VAC,Marriott Vacations Worldwide Corporation Common Stock
VAL,Valaris Limited Common Shares
VALU,Value Line Inc. Common Stock
VANI,Vivani Medical Inc. Common Stock (DE)
VATE,INNOVATE Corp. Common Stock
VBF,Invesco Bond Fund Common Stock
VBIO,Valion Bio Inc. Common Stock
VBNK,VersaBank Common Shares
VC,Visteon Corporation Common Stock
VCEL,Vericel Corporation Common Stock
VCIG,VCI Global Limited Ordinary Share
VCTR,Victory Capital Holdings Inc. Class A Common Stock
VCV,Invesco California Value Municipal Income Trust Common Stock
VCX,Fundrise Innovation Fund LLC Common Shares of Limited Liability Company Interests
VCYT,Veracyte Inc. Common Stock
VECO,Veeco Instruments Inc. Common Stock
VEEA,Veea Inc. Common Stock
VEEE,Twin Vee PowerCats Co. Common Stock
VEEV,Veeva Systems Inc. Class A Common Stock
VEL,Velocity Financial Inc. Common Stock
VELO,Velo3D Inc. Common stock
VENU,Venu Holding Corporation Common Stock
VEON,VEON Ltd. ADS
VERA,Vera Therapeutics Inc. Class A Common Stock
VERI,Veritone Inc. Common Stock
VERU,Veru Inc. Common Stock
VERX,Vertex Inc. Class A Common Stock
VET,Vermilion Energy Inc. Common (Canada)
VFC,V.F. Corporation Common Stock
VFF,Village Farms International Inc. Common Shares
VFS,VinFast Auto Ltd. Ordinary Shares
VG,Venture Global Inc. Class A common stock
VGAS,Verde Clean Fuels Inc. Class A Common Stock
VGI,Virtus Global Multi-Sector Income Fund Common Shares of Beneficial Interest
VGM,Invesco Trust for Investment Grade Municipals Common Stock (DE)
VGNT,Versigent PLC Ordinary Shares
VGZ,Vista Gold Corp Common Stock
VHC,VirnetX Holding Corp Common Stock
VHCP,Vine Hill Capital Investment Corp. II Class A Ordinary Shares
VHI,Valhi Inc. Common Stock
VHUB,VenHub Global Inc. Common Stock
VIA,Via Transportation Inc. Class A Common Stock
VIAV,Viavi Solutions Inc. Common Stock
VICI,VICI Properties Inc. Common Stock
VICR,Vicor Corporation Common Stock
VIDA,VIDA Global Inc. Class A Common Stock
VIK,Viking Holdings Ltd Ordinary Shares
VINP,Vinci Compass Investments Ltd. Class A Common Shares
VIP,Vulcan Infrastructure and Power Inc. Class A Common Stock
VIR,Vir Biotechnology Inc. Common Stock
VIRC,Virco Manufacturing Corporation Common Stock
VIRT,Virtu Financial Inc. Class A Common Stock
VISN,Vistance Networks Inc. Common Stock
VITL,Vital Farms Inc. Common Stock
VIVK,Vivakor Inc. Common Stock
VIVO,VivoPower PLC Class A Ordinary Shares
VIVS,VivoSim Labs Inc. Common Stock
VKI,Invesco Advantage Municipal Income Trust II Common Shares of Beneficial Interest (DE)
VKQ,Invesco Municipal Trust Common Stock
VKTX,Viking Therapeutics Inc. Common Stock
VLGEA,Village Super Market Inc. Class A Common Stock
VLN,Valens Semiconductor Ltd. Ordinary Shares
VLO,Valero Energy Corporation Common Stock
VLT,Invesco High Income Trust II
VLTO,Veralto Corp Common Stock
VLY,Valley National Bancorp Common Stock
VMAR,Vision Marine Technologies Inc. Common Shares
VMC,Vulcan Materials Company (Holding Company) Common Stock
VMD,Viemed Healthcare Inc. Common Shares
VMET,Versamet Royalties Corporation Common Stock
VMI,Valmont Industries Inc. Common Stock
VMO,Invesco Municipal Opportunity Trust Common Stock
VMRK,Vivmark Residential Common Shares of Beneficial Interest
VNCE,Vince Holding Corp. Common Stock
VNDA,Vanda Pharmaceuticals Inc. Common Stock
VNO,Vornado Realty Trust Common Stock
VNOM,Viper Energy Inc. Class A Common Stock
VNRX,VolitionRX Limited Common Stock
VNT,Vontier Corporation Common Stock
VNTG,Vantage Corp Class A Ordinary Shares
VOC,VOC Energy Trust Units of Beneficial Interest
VOGX,Vogenx Inc Common Stock
VOR,Vor Biopharma Inc. Common Stock
VOXR,Vox Royalty Corp. Common Stock
VOYA,Voya Financial Inc. Common Stock
VOYG,Voyager Technologies Inc. Class A Common Stock
VPG,Vishay Precision Group Inc. Common Stock
VPV,Invesco Pennsylvania Value Municipal Income Trust Common Stock (DE)
VRA,Vera Bradley Inc. Common Stock
VRAX,Virax Biolabs Group Limited Ordinary Shares
VRCA,Verrica Pharmaceuticals Inc. Common Stock
VRDN,Viridian Therapeutics Inc. Common Stock
VREX,Varex Imaging Corporation Common Stock
VRM,Vroom Inc. Common Stock
VRME,VerifyMe Inc. Common Stock
VRNS,Varonis Systems Inc. Common Stock
VRRM,Verra Mobility Corporation Class A Common Stock
VRSK,Verisk Analytics Inc. Common Stock
VRSN,VeriSign Inc. Common Stock
VRT,Vertiv Holdings LLC Class A Common Stock
VRTS,Virtus Investment Partners Inc. Common Stock
VRTX,Vertex Pharmaceuticals Incorporated Common Stock
VRXA,Veraxa Biotech AG Ordinary Shares
VRXAW,Veraxa Biotech AG Warrants
VS,Versus Systems Inc. Common Stock
VSAT,ViaSat Inc. Common Stock
VSEC,VSE Corporation Common Stock
VSECU,VSE Corporation Tangible Equity Units
VSH,Vishay Intertechnology Inc. Common Stock
VSME,VS Media Holdings Limited Class A Ordinary Shares
VSNT,Versant Media Group Inc. Class A Common Stock
VST,Vistra Corp. Common Stock
VSTM,Verastem Inc. Common Stock
VSTS,Vestis Corporation Common Stock
VSXY,Victorias Secret & Co. Common Stock
VTAK,Catheter Precision Inc. Common Stock
VTEX,VTEX Class A Common Shares
VTGN,Vistagen Therapeutics Inc. Common Stock
VTIX,Virtuix Holdings Inc. Class A Common Stock
VTN,Invesco Trust for Investment Grade New York Municipals Common Stock
VTOL,Bristow Group Inc. Common Stock
VTR,Ventas Inc. Common Stock
VTRS,Viatris Inc. Common Stock
VTS,Vitesse Energy Inc. Common Stock
VTSI,VirTra Inc. Common Stock
VTVT,vTv Therapeutics Inc. Class A Common Stock
VUZI,Vuzix Corporation Common Stock
VVOS,Vivos Therapeutics Inc. Common Stock
VVR,Invesco Senior Income Trust Common Stock (DE)
VVV,Valvoline Inc. Common Stock
VVX,V2X Inc. Common Stock
VWAV,VisionWave Holdings Inc. Common Stock
VYGR,Voyager Therapeutics Inc. Common Stock
VYX,NCR Voyix Corporation Common Stock
VZ,Verizon Communications Inc. Common Stock
VZLA,Vizsla Silver Corp. Common Shares
W,Wayfair Inc. Class A Common Stock
WAB,Westinghouse Air Brake Technologies Corporation Common Stock
WABC,Westamerica Bancorporation Common Stock
WAFD,WaFd Inc. Common Stock
WAFU,Wah Fu Education Group Limited Ordinary Shares
WAL,Western Alliance Bancorporation Common Stock (DE)
WALD,Waldencast plc Class A Ordinary Share
WASH,Washington Trust Bancorp Inc. Common Stock
WAT,Waters Corporation Common Stock
WATR,Air Water Ventures Limited Ordinary Shares
WATT,Energous Corporation Common Stock
WAY,Waystar Holding Corp. Common Stock
WBD,Warner Bros. Discovery Inc. Series A Common Stock
WBI,WaterBridge Infrastructure LLC Class A Shares Representing Limited Liability Company Interests
WBS,Webster Financial Corporation Common Stock
WBTN,WEBTOON Entertainment Inc. Common stock
WBUY,WEBUY GLOBAL LTD. Class A Ordinary Shares
WBX,Wallbox N.V. Class A Ordinary Shares
WCC,WESCO International Inc. Common Stock
WCN,Waste Connections Inc. Common Shares
WCT,Wellchange Holdings Company Limited Class A Ordinary shares
WD,Walker & Dunlop Inc Common Stock
WDAY,Workday Inc. Class A Common Stock
WDC,Western Digital Corporation Common Stock
WDFC,WD-40 Company Common Stock
WDI,Western Asset Diversified Income Fund Common Shares of Beneficial Interest
WEA,Western Asset Bond Fund Share of Beneficial Interest
WEAV,Weave Communications Inc. Common Stock
WEC,WEC Energy Group Inc. Common Stock
WELL,Welltower Inc. Common Stock
WEN,Wendy's Company (The) Common Stock
WENC,West Enclave Merger Corp. Ordinary Shares
WERN,Werner Enterprises Inc. Common Stock
WES,Western Midstream Partners LP Common Units Representing Limited Partner Interests
WEST,Westrock Coffee Company Common Stock
WETH,Wetouch Technology Inc. Common Stock
WETO,Wetour Robotics Limited Ordinary Shares
WEX,WEX Inc. common stock
WEYS,Weyco Group Inc. Common Stock
WFC,Wells Fargo & Company Common Stock
WFCF,Where Food Comes From Inc. Common Stock
WFF,WF Holding Limited Ordinary Shares
WFG,West Fraser Timber Co. Ltd Common stock
WFRD,Weatherford International plc Ordinary Shares
WGO,Winnebago Industries Inc. Common Stock
WGS,GeneDx Holdings Corp. Class A Common Stock
WH,Wyndham Hotels & Resorts Inc. Common Stock
WHD,Cactus Inc. Class A Common Stock
WHF,WhiteHorse Finance Inc. Common Stock
WHFCL,WhiteHorse Finance Inc. 7.875% Notes due 2028
WHG,Westwood Holdings Group Inc Common Stock
WHK,WhiteHawk Minerals Corp Class A Common Stock
WHLR,Wheeler Real Estate Investment Trust Inc. Common Stock
WHLRL,Wheeler Real Estate Investment Trust Inc. 7.00% Senior Subordinated Convertible Notes Due 2031
WHR,Whirlpool Corporation Common Stock
WHWK,Whitehawk Therapeutics Inc. Common Stock
WIA,Western Asset Inflation-Linked Income Fund
WILC,G. Willi-Food International  Ltd. Ordinary Shares
WIMI,WiMi Hologram Cloud Inc. Class B Ordinary Shares
WINA,Winmark Corporation Common Stock
WING,Wingstop Inc. Common Stock
WIT,Wipro Limited Common Stock
WIW,Western Asset Inflation-Linked Opportunities & Income Fund
WIX,Wix.com Ltd. Ordinary Shares
WK,Workiva Inc. Class A Common Stock
WKC,World Kinect Corporation Common Stock
WKHS,Workhorse Group Inc. Common Stock
WKSP,Worksport Ltd. Common Stock
WLCO,Wilco 63 Corporation Class A Ordinary Shares
WLCOU,Wilco 63 Corporation Units
WLDN,Willdan Group Inc. Common Stock
WLDS,Wearable Devices Ltd. Ordinary Share
WLFC,Willis Lease Finance Corporation Common Stock
WLK,Westlake Corporation Common Stock
WLKP,Westlake Chemical Partners LP Common Units representing limited partner interests
WLTH,Wealthfront Corporation Common Stock
WLY,John Wiley & Sons Inc. Common Stock
WLYB,John Wiley & Sons Inc. Common Stock
WM,Waste Management Inc. Common Stock
WMB,Williams Companies Inc. (The) Common Stock
WMG,Warner Music Group Corp. Class A Common Stock
WMK,Weis Markets Inc. Common Stock
WMS,Advanced Drainage Systems Inc. Common Stock
WMT,Walmart Inc. Common Stock
WNC,Wabash National Corporation Common Stock
WNEB,Western New England Bancorp Inc. Common Stock
WNW,Meiwu Technology Company Limited Ordinary Shares
WOK,WORK Medical Technology Group LTD Class A Ordinary Shares
WOLF,Wolfspeed Inc. Common Stock New
WOOF,Petco Health and Wellness Company Inc. Class A Common Stock
WOR,Worthington Enterprises Inc. Common Shares
WPC,W. P. Carey Inc. REIT
WPM,Wheaton Precious Metals Corp Common Shares (Canada)
WPRT,Westport Fuel Systems Inc Common Shares
WRAP,Wrap Technologies Inc. Common Stock
WRB,W.R. Berkley Corporation Common Stock
WRBY,Warby Parker Inc. Class A Common Stock
WRLD,World Acceptance Corporation Common Stock
WRN,Western Copper and Gold Corporation Common Stock
WS,Worthington Steel Inc. Common Shares
WSBC,WesBanco Inc. Common Stock
WSBF,Waterstone Financial Inc. Common Stock (MD)
WSBK,Winchester Bancorp Inc. Common Stock
WSC,WillScot Holdings Corporation Class A Common Stock
WSE,Wise Group plc Class A Ordinary Shares
WSFS,WSFS Financial Corporation Common Stock
WSHP,WeShop Holdings Limited Class A Ordinary Shares
WSM,Williams-Sonoma Inc. Common Stock (DE)
WSO,Watsco Inc. Common Stock
WST,West Pharmaceutical Services Inc. Common Stock
WT,WisdomTree Inc. Common Stock
WTBA,West Bancorporation Common Stock
WTF,Waton Financial Limited Ordinary Shares
WTFC,Wintrust Financial Corporation Common Stock
WTI,W&T Offshore Inc. Common Stock
WTM,White Mountains Insurance Group Ltd. Common Stock
WTRG,Essential Utilities Inc. Common Stock
WTS,Watts Water Technologies Inc. Class A Common Stock
WTTR,Select Water Solutions Inc. Class A common stock
WTW,Willis Towers Watson Public Limited Company Ordinary Shares
WU,Western Union Company (The) Common Stock
WULF,TeraWulf Inc. Common Stock
WVE,Wave Life Sciences Inc. Common Stock
WVVI,Willamette Valley Vineyards Inc. Common Stock
WW,WW International Inc.  Common Stock
WWD,Woodward Inc. Common Stock
WWR,Westwater Resources Inc. Common Stock
WWW,Wolverine World Wide Inc. Common Stock
WXM,WF International Limited Ordinary Shares
WY,Weyerhaeuser Company Common Stock
WYFI,WhiteFiber Inc. Ordinary Shares
WYNN,Wynn Resorts Limited Common stock
WYY,WidePoint Corporation Common Stock
XAIR,Beyond Air Inc. Common Stock
XBIO,Xenetic Biosciences Inc. Common Stock
XBIT,XBiotech Inc. Common Stock
XBP,XBP Global Holdings Inc. Common Stock
XCUR,Exicure Inc. Common Stock
XE,X-Energy Inc. Class A Common Stock
XEL,Xcel Energy Inc. Common Stock
XELB,Xcel Brands Inc. Common Stock
XELLL,Xcel Energy Inc. 6.25% Junior Subordinated Notes Series due 2085
XENE,Xenon Pharmaceuticals Inc. Common Shares
XERS,Xeris Biopharma Holdings Inc. Common Stock
XFLH,XFLH Capital Corporation Ordinary Shares
XFLT,XAI Floating Rate & Alternative Income Trust Common Shares of Beneficial Interest
XFOR,X4 Pharmaceuticals Inc. Common Stock
XGN,Exagen Inc. Common Stock
XHLD,TEN Holdings Inc. Common Stock
XHR,Xenia Hotels & Resorts Inc. Common Stock
XIFR,XPLR Infrastructure LP Common Units representing limited partner interests
XIIIU,Churchill Capital Corp XIII Units
XLO,Xilio Therapeutics Inc. Common Stock
XMAX,XMAX Inc. Common Stock
XMTR,Xometry Inc. Class A Common Stock
XNCR,Xencor Inc. Common Stock
XNDU,Xanadu Quantum Technologies Limited Class B Subordinate Voting Shares
XOM,ExxonMobil Holdings Corporation Common Stock
XOS,Xos Inc. Common Stock
XOSWW,Xos Inc. Warrants
XP,XP Inc. Class A Common Stock
XPEL,XPEL Inc. Common Stock
XPER,Xperi Inc. Common Stock
XPL,Solitario Resources Corp. Common Stock
XPO,XPO Inc. Common Stock
XPOF,Xponential Fitness Inc. Class A Common Stock
XPON,Expion360 Inc. Common Stock
XPRO,Expro Ltd Ordinary Shares
XRAY,DENTSPLY SIRONA Inc. Common Stock
XRN,Chiron Real Estate Inc. Common Stock
XRTX,XORTX Therapeutics Inc. Common Shares
XRX,Xerox Holdings Corporation Common Stock
XRXDW,Xerox Holdings Corporation Warrants
XSLL,Xsolla SPAC 1 Class A Ordinary Shares
XSLLU,Xsolla SPAC 1 Units
XTIA,XTI Aerospace Inc. Common Stock
XTNT,Xtant Medical Holdings Inc. Common Stock
XWEL,XWELL Inc. Common Stock
XXI,Twenty One Capital Inc. Class A Common Stock
XXII,22nd Century Group Inc. Common Stock
XYL,Xylem Inc. Common Stock New
XYZ,Block Inc. Class A Common Stock
XZO,Exzeo Group Inc. Common Stock
YAAS,Youxin Technology Ltd Class A Ordinary shares
YARW,Yarrow Bioscience Inc. Common Stock
YCBD,cbdMD Inc. Common Stock
YDDL,One and One Green Technologies. Inc Class A Ordinary Shares
YDES,YD Bio Limited Ordinary Shares
YDESW,YD Bio Limited Warrants
YDKG,Yueda Digital Holding Class A Ordinary Share
YELP,Yelp Inc. Common Stock
YETI,YETI Holdings Inc. Common Stock
YEXT,Yext Inc. Common Stock
YHC,LQR House Inc. Common Stock
YHGJ,Yunhong Green CTI Ltd. Common Stock
YIBO,Planet Image International Limited Class A Ordinary Shares
YICC,Yorkville International Capital Corp. Class A Ordinary Shares
YICCU,Yorkville International Capital Corp. Units
YICCW,Yorkville International Capital Corp. Warrants
YJ,Yunji Inc. American Depository Shares
YMAT,J-Star Holding Co. Ltd. Class A Ordinary Shares
YORW,York Water Company (The) Common Stock
YOU,Clear Secure Inc. Class A Common Stock
YSS,York Space Systems Inc. Common Stock
YSWY,Yesway Inc. Class A Common Stock
YSXT,YSX Tech. Co. Ltd Class A Ordinary Shares
YTRA,Yatra Online Inc. Ordinary Shares
YUM,Yum! Brands Inc.
YUMC,Yum China Holdings Inc. Common Stock
YXT,YXT.COM GROUP HOLDING LIMITED American Depository Shares
YYAI,AiRWA Inc. Common Stock
YYGH,YY Group Holding Limited Class A Ordinary Shares
Z,Zillow Group Inc. Class C Capital Stock
ZBAO,Zhibao Technology Inc. Class A Ordinary Shares
ZBH,Zimmer Biomet Holdings Inc. Common Stock
ZBIO,Zenas BioPharma Inc. Common Stock
ZBRA,Zebra Technologies Corporation Class A Common Stock
ZCMD,Zhongchao Inc. Class A Ordinary Shares
ZD,Ziff Davis Inc. Common Stock
ZDAI,DirectBooking Technology Co. Ltd. Class A Ordinary Shares
ZDGE,Zedge Inc. Class B Common Stock
ZENA,ZenaTech Inc. Common Stock
ZEO,Zeo Energy Corporation Class A Common Stock
ZEOWW,Zeo Energy Corporation Warrants
ZETA,Zeta Global Holdings Corp. Class A Common Stock
ZG,Zillow Group Inc. Class A Common Stock
ZGN,Ermenegildo Zegna N.V. Ordinary Shares
ZIM,ZIM Integrated Shipping Services Ltd. Ordinary Shares
ZION,Zions Bancorporation N.A. Common Stock
ZIP,ZipRecruiter Inc. Class A Common Stock
ZJK,ZJK Industrial Co. Ltd. Class A Ordinary Shares
ZJYL,JIN MEDICAL INTERNATIONAL LTD. Class A Ordinary Shares
ZKIN,ZK International Group Co. Ltd Ordinary Share
ZM,Zoom Communications Inc. Class A Common Stock
ZNB,Zeta Network Group Class A Ordinary Shares
ZNTL,Zentalis Pharmaceuticals Inc. Common Stock
ZONE,CleanCore Solutions Inc. Class B Common Stock
ZOOZ,ZOOZ Strategy Ltd. Ordinary Shares
ZS,Zscaler Inc. Common Stock
ZSQR,Z Squared Inc. Common Stock
ZSTK,ZeroStack Corp. Common Stock
ZTEK,Zentek Ltd. Common Stock
ZTG,Zenta Group Company Limited Class A Ordinary Shares
ZTR,Virtus Total Return Fund Inc.
ZTS,Zoetis Inc. Class A Common Stock
ZUMZ,Zumiez Inc. Common Stock
ZURA,Zura Bio Limited Class A Ordinary Shares
ZVIA,Zevia PBC Class A Common Stock
ZVRA,Zevra Therapeutics Inc. Common Stock
ZWS,Zurn Elkay Water Solutions Corporation Common Stock
ZYBT,Zhengye Biotechnology Holding Limited Class A Ordinary Shares
ZYME,Zymeworks Inc. Common Stock
